MEMFEE ID,MEMBER,AMOUNT,PAYED DATE,CONTROL NO,REMARKS,DATE Created,Created By,Date Updated,Updated By,FLAG_EMPTY_RECORD,FLAG_MISSING_AMOUNT,FLAG_ZERO_AMOUNT,FLAG_MISSING_PAYED_DATE
1,79.0,2000.0,2023-10-15,059,,2024-08-13,,,,False,False,False,False
2,50.0,2000.0,2023-03-09,,,2024-08-13,,,,False,False,False,False
3,56.0,10000.0,2023-03-12,008,,2024-08-13,,,,False,False,False,False
4,67.0,1000.0,2023-03-12,014,ok,2024-08-13,,2024-11-22,Lency,False,False,False,False
5,520.0,1000.0,2023-03-12,015,,2024-08-13,,,,False,False,False,False
6,87.0,2000.0,2023-03-12,016,,2024-08-13,,,,False,False,False,False
7,540.0,2000.0,2023-03-12,017,,2024-08-13,,,,False,False,False,False
8,57.0,1000.0,2023-03-12,018,,2024-08-13,,,,False,False,False,False
9,544.0,2000.0,2023-03-12,020,,2024-08-13,,,,False,False,False,False
10,59.0,1000.0,2023-03-12,025,,2024-08-13,,,,False,False,False,False
11,73.0,1000.0,2023-03-12,026,,2024-08-13,,,,False,False,False,False
12,89.0,1000.0,2023-03-12,027,,2024-08-13,,,,False,False,False,False
13,51.0,1000.0,2023-03-20,029,,2024-08-13,,,,False,False,False,False
14,1823.0,10000.0,2023-03-19,053,,2024-08-13,,,,False,False,False,False
15,506.0,1000.0,2023-04-15,35,,2024-08-13,,,,False,False,False,False
16,65.0,1000.0,2023-04-15,36,,2024-08-13,,,,False,False,False,False
17,94.0,1500.0,2023-04-15,37,,2024-08-13,,,,False,False,False,False
18,1732.0,1000.0,2023-04-15,38,,2024-08-13,,,,False,False,False,False
19,578.0,500.0,2023-04-15,,,2024-08-13,,,,False,False,False,False
20,91.0,1000.0,2023-05-01,42,,2024-08-13,,,,False,False,False,False
21,67.0,1000.0,2023-05-01,43,ok,2024-08-13,,2024-11-22,Lency,False,False,False,False
22,504.0,1000.0,2023-05-01,44,,2024-08-13,,,,False,False,False,False
23,505.0,1000.0,2023-05-10,45,,2024-08-13,,,,False,False,False,False
24,64.0,1000.0,2023-05-10,46,,2024-08-13,,,,False,False,False,False
25,79.0,500.0,2023-09-08,039,,2024-08-13,,,,False,False,False,False
26,96.0,1000.0,2023-05-15,48,,2024-08-13,,,,False,False,False,False
27,541.0,1000.0,2023-05-15,49,,2024-08-13,,,,False,False,False,False
28,94.0,1000.0,2023-05-16,51,,2024-08-13,,,,False,False,False,False
29,520.0,1000.0,2023-06-16,73,,2024-08-13,,,,False,False,False,False
30,94.0,1000.0,2023-06-16,74,,2024-08-13,,,,False,False,False,False
31,93.0,1000.0,2023-07-09,75,,2024-08-13,,,,False,False,False,False
32,92.0,3000.0,2023-07-09,76,,2024-08-13,,,,False,False,False,False
33,62.0,1000.0,2023-07-09,77,ok,2024-08-13,,2024-11-22,Lency,False,False,False,False
34,1827.0,2000.0,2023-07-18,79,,2024-08-13,,,,False,False,False,False
35,504.0,1000.0,2023-08-01,80,,2024-08-13,,,,False,False,False,False
36,100.0,4000.0,2023-08-01,81,,2024-08-13,,,,False,False,False,False
37,520.0,1000.0,2023-08-04,82,,2024-08-13,,,,False,False,False,False
38,94.0,1000.0,2023-08-04,83,,2024-08-13,,,,False,False,False,False
39,88.0,1000.0,2023-08-04,84,,2024-08-13,,,,False,False,False,False
40,508.0,5000.0,2023-08-04,85,,2024-08-13,,,,False,False,False,False
41,504.0,1000.0,2023-08-04,86,,2024-08-13,,,,False,False,False,False
42,501.0,5000.0,2023-08-04,87,,2024-08-13,,,,False,False,False,False
43,92.0,3000.0,2023-08-04,88,,2024-08-13,,,,False,False,False,False
44,60.0,1000.0,2023-08-08,89,,2024-08-13,,,,False,False,False,False
45,87.0,500.0,2023-08-08,90,,2024-08-13,,,,False,False,False,False
46,60.0,1000.0,2023-08-09,91,,2024-08-13,,,,False,False,False,False
47,79.0,500.0,2023-08-09,92,,2024-08-13,,,,False,False,False,False
48,101.0,2000.0,2023-08-09,93,,2024-08-13,,,,False,False,False,False
49,586.0,2000.0,2023-08-09,94,,2024-08-13,,,,False,False,False,False
50,86.0,2000.0,2023-08-09,96,,2024-08-13,,,,False,False,False,False
51,85.0,2000.0,2023-08-09,97,,2024-08-13,,,,False,False,False,False
52,61.0,3000.0,2023-08-11,98,,2024-08-13,,,,False,False,False,False
53,71.0,2500.0,2023-08-11,100,,2024-08-13,,,,False,False,False,False
54,72.0,2500.0,2023-08-11,99,,2024-08-13,,,,False,False,False,False
55,99.0,2000.0,2023-08-18,101,,2024-08-13,,,,False,False,False,False
56,92.0,4000.0,2023-08-18,102,,2024-08-13,,,,False,False,False,False
57,49.0,1000.0,2023-08-18,103,,2024-08-13,,,,False,False,False,False
58,543.0,3000.0,2023-08-18,104,,2024-08-13,,,,False,False,False,False
59,70.0,4000.0,2023-08-18,105,,2024-08-13,,,,False,False,False,False
60,69.0,5000.0,2023-08-18,106,,2024-08-13,,,,False,False,False,False
61,51.0,1000.0,2023-08-26,107,,2024-08-13,,,,False,False,False,False
62,84.0,1000.0,2023-08-26,108,,2024-08-13,,,,False,False,False,False
63,542.0,2000.0,2023-08-26,109,,2024-08-13,,,,False,False,False,False
64,99.0,3000.0,2023-08-26,110,,2024-08-13,,,,False,False,False,False
65,506.0,1000.0,2023-08-26,111,,2024-08-13,,,,False,False,False,False
66,65.0,1000.0,2023-08-26,112,,2024-08-13,,,,False,False,False,False
67,55.0,1000.0,2023-08-26,113,,2024-08-13,,,,False,False,False,False
68,59.0,9000.0,2023-08-26,115,,2024-08-13,,,,False,False,False,False
69,520.0,20000.0,2023-08-31,033,,2024-08-13,,,,False,False,False,False
70,87.0,1000.0,2023-09-08,034,,2024-08-13,,,,False,False,False,False
71,498.0,1000.0,2023-09-08,035,,2024-08-13,,,,False,False,False,False
72,70.0,2000.0,2023-09-08,036,,2024-08-13,,,,False,False,False,False
73,506.0,1000.0,2023-09-08,37,,2024-08-13,,,,False,False,False,False
74,62.0,1000.0,2023-09-08,038,ok,2024-08-13,,2024-11-22,Lency,False,False,False,False
75,79.0,1000.0,2023-04-10,,,2024-08-13,,,,False,False,False,False
76,94.0,1000.0,2023-09-08,042,,2024-08-13,,,,False,False,False,False
77,85.0,2000.0,2023-09-14,053,,2024-08-13,,,,False,False,False,False
78,97.0,10000.0,2023-09-18,054,,2024-08-13,,,,False,False,False,False
79,537.0,10000.0,2023-09-18,055,,2024-08-13,,,,False,False,False,False
80,76.0,10000.0,2023-09-18,056,,2024-08-13,,,,False,False,False,False
81,50.0,1500.0,2023-09-26,058,,2024-08-13,,,,False,False,False,False
82,79.0,3000.0,2023-05-15,047,,2024-08-13,,,,False,False,False,False
83,75.0,2000.0,2023-10-16,61,,2024-08-13,,,,False,False,False,False
84,86.0,3000.0,2023-10-16,62,,2024-08-13,,,,False,False,False,False
85,103.0,10000.0,2023-10-16,64,,2024-08-13,,,,False,False,False,False
86,508.0,5000.0,2023-10-16,065,,2024-08-13,,,,False,False,False,False
87,94.0,1000.0,2023-10-16,066,,2024-08-13,,,,False,False,False,False
88,68.0,1000.0,2023-10-16,068,,2024-08-13,,,,False,False,False,False
89,75.0,2000.0,2023-10-27,73,,2024-08-13,,,,False,False,False,False
90,83.0,1000.0,2023-10-27,74,,2024-08-13,,,,False,False,False,False
91,95.0,3000.0,2023-10-27,075,ok,2024-08-13,,2024-11-22,Lency,False,False,False,False
92,532.0,10000.0,2023-10-27,76,,2024-08-13,,,,False,False,False,False
93,509.0,5000.0,2023-10-27,077,,2024-08-13,,,,False,False,False,False
94,78.0,5000.0,2023-10-27,078,,2024-08-13,,,,False,False,False,False
95,84.0,1500.0,2023-10-27,079,,2024-08-13,,,,False,False,False,False
96,50.0,1500.0,2023-10-27,080,,2024-08-13,,,,False,False,False,False
97,81.0,,,,,2024-08-13,,2024-11-22,Lency,False,True,False,False
98,52.0,1000.0,2023-10-27,083,,2024-08-13,,,,False,False,False,False
99,100.0,1000.0,2023-10-27,084,,2024-08-13,,,,False,False,False,False
100,88.0,9000.0,2023-10-27,088,,2024-08-13,,,,False,False,False,False
101,82.0,1000.0,2023-10-27,91,,2024-08-13,,,,False,False,False,False
102,61.0,1000.0,2023-10-27,093,,2024-08-13,,,,False,False,False,False
103,93.0,4000.0,2023-11-15,110,,2024-08-13,,,,False,False,False,False
104,51.0,1000.0,2023-11-28,127,,2024-08-13,,,,False,False,False,False
105,54.0,500.0,2023-12-08,156,,2024-08-13,,,,False,False,False,False
106,86.0,4000.0,2023-12-08,157,,2024-08-13,,,,False,False,False,False
107,75.0,6000.0,2023-12-08,158,,2024-08-13,,,,False,False,False,False
108,87.0,1000.0,2024-01-17,192,,2024-08-13,,,,False,False,False,False
109,95.0,,,,,2024-08-13,,2024-11-22,Lency,False,True,False,False
110,101.0,2000.0,2024-01-17,194,,2024-08-13,,,,False,False,False,False
111,586.0,2500.0,2024-01-17,195,,2024-08-13,,,,False,False,False,False
112,61.0,6000.0,2024-01-17,198,,2024-08-13,,,,False,False,False,False
113,51.0,2000.0,2024-01-17,199,,2024-08-13,,,,False,False,False,False
114,79.0,300.0,2023-02-28,,,2024-08-13,,,,False,False,False,False
115,84.0,3000.0,2024-01-19,226,,2024-08-13,,,,False,False,False,False
116,510.0,1000.0,2024-01-19,227,,2024-08-13,,,,False,False,False,False
117,78.0,5000.0,2024-01-19,229,,2024-08-13,,,,False,False,False,False
118,96.0,2000.0,2024-01-19,230,,2024-08-13,,,,False,False,False,False
119,539.0,2000.0,2024-01-19,231,,2024-08-13,,,,False,False,False,False
120,542.0,5000.0,2024-01-19,233,,2024-08-13,,,,False,False,False,False
121,81.0,8000.0,2024-01-19,234,"DEC 1, 2023 / ok",2024-08-13,,2024-11-22,Lency,False,False,False,False
122,62.0,5000.0,2024-01-19,235,"DEC 1, 2023 / ok",2024-08-13,,2024-11-22,Lency,False,False,False,False
123,87.0,3000.0,2024-01-19,236,"DEC 5, 2023",2024-08-13,,,,False,False,False,False
124,96.0,1000.0,2024-01-19,239,DEC 2023,2024-08-13,,,,False,False,False,False
125,506.0,8000.0,2024-01-19,240,,2024-08-13,,,,False,False,False,False
126,501.0,500.0,2024-01-19,241,,2024-08-13,,,,False,False,False,False
127,541.0,1000.0,2024-01-19,242,,2024-08-13,,,,False,False,False,False
128,82.0,9000.0,2024-01-19,243,,2024-08-13,,,,False,False,False,False
129,542.0,3000.0,2024-01-19,244,,2024-08-13,,,,False,False,False,False
130,80.0,3000.0,2024-01-19,245,,2024-08-13,,,,False,False,False,False
131,51.0,5000.0,2024-01-19,246,,2024-08-13,,,,False,False,False,False
132,77.0,10000.0,2024-01-19,247,,2024-08-13,,,,False,False,False,False
133,72.0,7500.0,2024-01-19,258,,2024-08-13,,,,False,False,False,False
134,71.0,7500.0,2024-01-19,259,,2024-08-13,,,,False,False,False,False
135,84.0,2500.0,2024-01-19,261,,2024-08-13,,,,False,False,False,False
136,49.0,5000.0,2024-01-19,262,,2024-08-13,,,,False,False,False,False
137,64.0,1000.0,2024-01-19,266,,2024-08-13,,,,False,False,False,False
138,505.0,1000.0,2024-01-19,267,,2024-08-13,,,,False,False,False,False
139,67.0,4000.0,2024-01-19,272,ok,2024-08-13,,2024-11-22,Lency,False,False,False,False
140,498.0,9000.0,2024-01-19,273,,2024-08-13,,,,False,False,False,False
141,504.0,3000.0,2024-01-19,278,,2024-08-13,,,,False,False,False,False
142,510.0,9000.0,2024-01-19,279,"DEC.13,2023",2024-08-13,,,,False,False,False,False
143,99.0,1000.0,2024-01-19,280,"DEC.13,2023",2024-08-13,,,,False,False,False,False
144,55.0,1000.0,2024-01-19,288,,2024-08-13,,,,False,False,False,False
145,57.0,1000.0,2024-01-19,289,,2024-08-13,,,,False,False,False,False
146,586.0,1500.0,2024-01-19,295,,2024-08-13,,,,False,False,False,False
147,101.0,500.0,2024-01-19,297,"DEC.19,2023",2024-08-13,,,,False,False,False,False
148,586.0,2500.0,2024-01-19,309,,2024-08-13,,,,False,False,False,False
149,101.0,2000.0,2024-01-19,310,"JAN.3,2024",2024-08-13,,,,False,False,False,False
150,68.0,1000.0,2024-01-29,401,,2024-08-13,,,,False,False,False,False
151,87.0,1000.0,2024-02-22,402,,2024-08-13,,,,False,False,False,False
152,504.0,1000.0,2024-02-22,403,,2024-08-13,,,,False,False,False,False
153,47.0,2000.0,2024-02-22,405,,2024-08-13,,,,False,False,False,False
154,87.0,1000.0,2024-03-14,406,,2024-08-13,,,,False,False,False,False
155,504.0,1000.0,2024-04-12,407,,2024-08-13,,,,False,False,False,False
156,87.0,500.0,2024-04-12,418,,2024-08-13,,,,False,False,False,False
157,507.0,7000.0,2024-05-13,422,,2024-08-13,,,,False,False,False,False
158,60.0,4000.0,2024-05-13,423,,2024-08-13,,,,False,False,False,False
159,48.0,2000.0,2024-05-13,424,,2024-08-13,,,,False,False,False,False
160,84.0,2000.0,2024-05-13,425,,2024-08-13,,,,False,False,False,False
161,89.0,1000.0,2024-05-14,427,,2024-08-13,,,,False,False,False,False
162,95.0,4000.0,2024-05-14,428,ok,2024-08-13,,2024-11-22,Lency,False,False,False,False
163,46.0,10000.0,2024-05-14,429,,2024-08-13,,,,False,False,False,False
164,65.0,1000.0,2024-05-14,430,,2024-08-13,,,,False,False,False,False
165,83.0,2000.0,2024-05-14,431,,2024-08-13,,,,False,False,False,False
166,47.0,1000.0,2024-05-14,432,,2024-08-13,,,,False,False,False,False
167,505.0,8000.0,2024-05-14,433,,2024-08-13,,,,False,False,False,False
168,64.0,8000.0,2024-05-14,434,,2024-08-13,,,,False,False,False,False
169,96.0,2000.0,2024-05-14,435,,2024-08-13,,,,False,False,False,False
170,539.0,2000.0,2024-05-14,436,,2024-08-13,,,,False,False,False,False
171,54.0,5000.0,2024-05-14,437,,2024-08-13,,,,False,False,False,False
172,67.0,,,,,2024-08-13,,2024-11-22,Lency,False,True,False,False
173,79.0,2200.0,2024-05-15,439,17800 MA,2024-08-13,,,,False,False,False,False
174,62.0,0.0,2024-05-15,442,FULL PAYMENT,2024-08-13,,,,False,False,True,False
175,89.0,6500.0,2024-05-16,445,,2024-08-13,,,,False,False,False,False
176,96.0,4000.0,2024-05-16,446,2000 TO AMORTIZATION,2024-08-13,,,,False,False,False,False
177,65.0,7000.0,2024-05-16,447,SIGNED CONTRACT,2024-08-13,,,,False,False,False,False
178,91.0,9000.0,2024-05-16,448,SIGNED CONTRACT,2024-08-13,,,,False,False,False,False
179,100.0,5000.0,2024-05-16,449,SIGNED CONTRACT,2024-08-13,,,,False,False,False,False
180,86.0,1000.0,2024-05-16,450,,2024-08-13,,,,False,False,False,False
181,1480.0,2000.0,2024-05-16,654,,2024-08-13,,,,False,False,False,False
182,54.0,4500.0,2024-05-16,655,500 M.A,2024-08-13,,,,False,False,False,False
183,68.0,6000.0,2024-05-16,656,,2024-08-13,,,,False,False,False,False
184,1830.0,10000.0,2024-05-16,657,,2024-08-13,,,,False,False,False,False
185,547.0,10000.0,2024-05-16,658,,2024-08-13,,,,False,False,False,False
186,74.0,5000.0,2024-05-16,659,,2024-08-13,,,,False,False,False,False
187,83.0,2000.0,2024-05-16,661,,2024-08-13,,,,False,False,False,False
188,47.0,3000.0,2024-05-16,662,,2024-08-13,,,,False,False,False,False
189,60.0,4000.0,2024-05-16,663,SIGNED CONTRACT,2024-08-13,,,,False,False,False,False
190,48.0,7000.0,2024-05-16,664,,2024-08-13,,,,False,False,False,False
191,45.0,10000.0,2024-05-16,665,SIGNED CONTRACT,2024-08-13,,,,False,False,False,False
192,499.0,10000.0,2024-05-16,666,SIGNED CONTRACT,2024-08-13,,,,False,False,False,False
193,68.0,1000.0,2024-05-17,667,,2024-08-13,,,,False,False,False,False
194,90.0,10000.0,2024-05-24,672,,2024-08-13,,2024-11-12,,False,False,False,False
195,66.0,10000.0,2024-05-24,673,SIGNED CONTRACT,2024-08-13,,,,False,False,False,False
196,504.0,2000.0,2024-05-24,674,,2024-08-13,,,,False,False,False,False
197,73.0,4000.0,2024-05-24,675,,2024-08-13,,,,False,False,False,False
198,70.0,4000.0,2024-05-24,676,,2024-08-13,,,,False,False,False,False
199,69.0,5000.0,2024-05-24,677,SIGNED CONTRACT,2024-08-13,,,,False,False,False,False
200,53.0,10000.0,2024-05-27,678,SIGNED CONTRACT,2024-08-13,,,,False,False,False,False
201,56.0,,,,,2024-08-13,,2024-11-22,Lency,False,True,False,False
202,1480.0,2000.0,2024-06-03,680,,2024-08-13,,,,False,False,False,False
203,1478.0,10000.0,2024-07-03,1050,,2024-08-13,,,,False,False,False,False
204,1480.0,2000.0,2024-06-14,685,,2024-08-14,,,,False,False,False,False
205,509.0,5000.0,2024-07-30,1097,,2024-08-14,,,,False,False,False,False
206,509.0,,,,,2024-08-14,,,,False,True,False,False
207,52.0,9000.0,2024-07-30,1098,,2024-08-14,,,,False,False,False,False
208,73.0,0.0,2024-07-30,0,,2024-08-14,,,,False,False,True,False
209,1710.0,5000.0,2022-06-24,340,,2024-09-12,,,,False,False,False,False
210,1858.0,10000.0,2024-07-22,967,,2024-09-18,,,,False,False,False,False
211,,0.0,,,,2024-10-07,,,,True,False,True,False
212,100.0,4000.0,2023-07-09,78,,2024-10-09,,,,False,False,False,False
213,1823.0,20000.0,2023-08-09,095,,2024-10-09,,,,False,False,False,False
214,93.0,3000.0,2023-03-03,01,,2024-10-09,,,,False,False,False,False
215,62.0,3000.0,2023-03-03,02,ok,2024-10-09,,2024-11-22,Lency,False,False,False,False
216,1827.0,2000.0,2023-03-09,03,,2024-10-09,,,,False,False,False,False
217,80.0,1500.0,2023-03-12,009,,2024-10-09,,,,False,False,False,False
218,,0.0,,,,2024-10-09,,,,True,False,True,False
219,,,,,,2024-10-09,,,,True,False,False,False
220,93.0,1000.0,2023-04-10,031,,2024-10-09,,,,False,False,False,False
221,67.0,1000.0,2023-04-10,032,ok,2024-10-09,,2024-11-22,Lency,False,False,False,False
222,48.0,600.0,2023-04-15,038,,2024-10-09,,,,False,False,False,False
223,356.0,1500.0,2023-08-26,002,,2024-10-09,,,,False,False,False,False
224,337.0,500.0,2023-08-26,003,,2024-10-09,,,,False,False,False,False
225,349.0,5000.0,2023-08-26,004,,2024-10-09,,,,False,False,False,False
226,346.0,600.0,2023-08-26,005,,2024-10-09,,,,False,False,False,False
227,575.0,1000.0,2023-08-26,006,,2024-10-09,,,,False,False,False,False
228,571.0,1000.0,2023-08-26,007,,2024-10-09,,,,False,False,False,False
229,313.0,9500.0,2024-05-22,049,,2024-10-09,,,,False,False,False,False
230,590.0,9000.0,2024-05-22,050,,2024-10-09,,,,False,False,False,False
231,341.0,8100.0,2024-05-22,051,,2024-10-09,,,,False,False,False,False
232,360.0,7000.0,2024-05-22,052,,2024-10-09,,,,False,False,False,False
233,359.0,9500.0,2024-05-22,053,,2024-10-09,,,,False,False,False,False
234,315.0,8500.0,2024-05-22,054,,2024-10-09,,,,False,False,False,False
235,573.0,1000.0,2023-04-10,001,,2024-10-09,,,,False,False,False,False
236,578.0,500.0,2023-04-15,002,,2024-10-09,,,,False,False,False,False
237,327.0,4000.0,2023-06-16,008,,2024-10-09,,,,False,False,False,False
238,573.0,2000.0,2023-06-23,009,,2024-10-09,,,,False,False,False,False
239,561.0,200.0,2023-06-23,010,,2024-10-09,,,,False,False,False,False
240,329.0,400.0,2023-06-23,011,,2024-10-09,,,,False,False,False,False
241,344.0,1000.0,2023-06-23,012,,2024-10-09,,,,False,False,False,False
242,362.0,1000.0,2023-07-09,013,,2024-10-09,,,,False,False,False,False
243,583.0,0.0,,,,2024-10-09,,,,False,False,True,False
244,358.0,10000.0,2023-07-24,015,,2024-10-09,,,,False,False,False,False
245,582.0,1000.0,2023-08-01,016,,2024-10-09,,,,False,False,False,False
246,316.0,1000.0,2023-08-01,017,,2024-10-09,,,,False,False,False,False
247,578.0,1000.0,2023-08-01,018,,2024-10-09,,,,False,False,False,False
248,567.0,1000.0,2023-08-01,019,,2024-10-09,,,,False,False,False,False
249,589.0,500.0,2023-08-01,020,,2024-10-14,,,,False,False,False,False
250,326.0,500.0,2023-08-01,021,,2024-10-14,,,,False,False,False,False
251,592.0,1000.0,2023-08-04,023,,2024-10-14,,,,False,False,False,False
252,1880.0,1000.0,2023-08-08,024,,2024-10-14,,,,False,False,False,False
253,1881.0,1000.0,2023-11-28,122,,2024-10-14,,,,False,False,False,False
254,315.0,1000.0,2023-08-08,026,,2024-10-14,,,,False,False,False,False
255,341.0,1000.0,2023-08-08,027,,2024-10-14,,,,False,False,False,False
256,350.0,2000.0,2023-08-08,028,,2024-10-14,,,,False,False,False,False
257,573.0,7000.0,2023-08-08,029,,2024-10-14,,,,False,False,False,False
258,557.0,3000.0,2023-08-08,030,,2024-10-14,,,,False,False,False,False
259,368.0,3000.0,2023-08-08,031,,2024-10-14,,,,False,False,False,False
260,565.0,3000.0,2023-08-09,032,,2024-10-14,,,,False,False,False,False
261,591.0,5000.0,2023-08-09,033,,2024-10-14,,,,False,False,False,False
262,563.0,1000.0,2023-08-09,034,,2024-10-14,,,,False,False,False,False
263,355.0,1000.0,2023-08-10,036,,2024-10-14,,,,False,False,False,False
264,317.0,1000.0,2023-08-10,037,,2024-10-14,,,,False,False,False,False
265,345.0,1000.0,2023-08-11,038,,2024-10-14,,,,False,False,False,False
266,324.0,500.0,2023-08-18,042,,2024-10-14,,,,False,False,False,False
267,1880.0,1000.0,2023-08-11,039,,2024-10-14,,,,False,False,False,False
268,1881.0,1000.0,2023-09-09,046,,2024-10-14,,,,False,False,False,False
269,552.0,500.0,2023-08-18,043,,2024-10-14,,,,False,False,False,False
270,585.0,500.0,2023-08-18,044,,2024-10-14,,,,False,False,False,False
271,554.0,500.0,2023-08-18,045,,2024-10-14,,,,False,False,False,False
272,336.0,500.0,2023-08-18,046,,2024-10-14,,,,False,False,False,False
273,536.0,500.0,2023-08-18,047,,2024-10-14,,,,False,False,False,False
274,335.0,500.0,2023-08-18,048,,2024-10-14,,,,False,False,False,False
275,564.0,500.0,2023-08-18,049,,2024-10-14,,,,False,False,False,False
276,333.0,500.0,2023-08-18,050,,2024-10-14,,,,False,False,False,False
277,562.0,1000.0,2023-08-18,051,,2024-10-14,,,,False,False,False,False
278,352.0,1000.0,2023-08-18,052,,2024-10-14,,,,False,False,False,False
279,577.0,1000.0,2023-08-18,053,,2024-10-14,,,,False,False,False,False
280,567.0,1000.0,2023-08-18,054,,2024-10-14,,,,False,False,False,False
281,357.0,1000.0,2023-08-18,055,,2024-10-14,,,,False,False,False,False
282,570.0,1000.0,2023-08-18,056,,2024-10-14,,,,False,False,False,False
283,555.0,1000.0,2023-08-18,057,,2024-10-14,,,,False,False,False,False
284,571.0,500.0,2023-08-18,058,,2024-10-14,,,,False,False,False,False
285,1851.0,1600.0,2023-08-18,059,,2024-10-14,,,,False,False,False,False
286,580.0,500.0,2023-08-18,060,,2024-10-14,,,,False,False,False,False
287,360.0,1000.0,2023-08-18,061,,2024-10-14,,,,False,False,False,False
288,590.0,1400.0,2023-08-18,062,,2024-10-14,,,,False,False,False,False
289,347.0,3000.0,2023-08-18,063,,2024-10-14,,,,False,False,False,False
290,574.0,1000.0,2023-08-18,064,,2024-10-14,,,,False,False,False,False
291,556.0,1000.0,2023-08-18,065,,2024-10-14,,,,False,False,False,False
292,373.0,1000.0,2023-08-18,067,,2024-10-14,,,,False,False,False,False
293,561.0,1000.0,2023-08-18,068,,2024-10-14,,,,False,False,False,False
294,319.0,1000.0,2023-08-18,069,,2024-10-14,,,,False,False,False,False
295,594.0,500.0,2023-08-18,071,,2024-10-14,,,,False,False,False,False
296,566.0,500.0,2023-08-18,073,,2024-10-14,,,,False,False,False,False
297,370.0,1400.0,2023-08-18,074,,2024-10-14,,,,False,False,False,False
298,366.0,500.0,2023-08-18,075,,2024-10-14,,,,False,False,False,False
299,588.0,1000.0,2023-08-18,076,,2024-10-14,,,,False,False,False,False
300,1883.0,5000.0,2023-08-18,077,,2024-10-14,,,,False,False,False,False
301,1848.0,5000.0,2023-08-18,078,,2024-10-14,,,,False,False,False,False
302,364.0,1000.0,2023-08-29,002,,2024-10-14,,,,False,False,False,False
303,579.0,1000.0,2023-08-29,003,,2024-10-14,,,,False,False,False,False
304,334.0,500.0,2023-08-29,004,,2024-10-14,,,,False,False,False,False
305,332.0,500.0,2023-08-29,005,,2024-10-14,,,,False,False,False,False
306,313.0,500.0,2023-08-30,006,,2024-10-14,,,,False,False,False,False
307,363.0,500.0,2023-08-30,007,,2024-10-14,,,,False,False,False,False
308,365.0,500.0,2023-08-30,008,,2024-10-14,,,,False,False,False,False
309,584.0,500.0,2023-08-30,009,,2024-10-14,,,,False,False,False,False
310,328.0,500.0,2023-08-30,010,,2024-10-14,,,,False,False,False,False
311,568.0,500.0,2023-08-30,011,,2024-10-14,,,,False,False,False,False
312,359.0,500.0,2023-08-30,013,,2024-10-14,,,,False,False,False,False
313,340.0,500.0,2023-08-30,014,,2024-10-14,,,,False,False,False,False
314,1885.0,500.0,2023-08-30,015,,2024-10-14,,,,False,False,False,False
315,351.0,500.0,2023-08-30,016,,2024-10-14,,,,False,False,False,False
316,1886.0,500.0,2023-08-30,017,,2024-10-14,,,,False,False,False,False
317,369.0,500.0,2023-08-30,018,,2024-10-14,,,,False,False,False,False
318,596.0,500.0,2023-08-30,019,,2024-10-14,,,,False,False,False,False
319,367.0,500.0,2023-08-30,020,,2024-10-14,,,,False,False,False,False
320,581.0,1000.0,2023-08-30,022,,2024-10-14,,,,False,False,False,False
321,572.0,500.0,2023-08-30,023,,2024-10-14,,,,False,False,False,False
322,330.0,500.0,2023-08-31,024,,2024-10-14,,,,False,False,False,False
323,371.0,500.0,2023-08-31,025,,2024-10-14,,,,False,False,False,False
324,1888.0,300.0,2023-08-31,027,,2024-10-14,,,,False,False,False,False
325,548.0,500.0,2023-08-31,028,,2024-10-14,,,,False,False,False,False
326,595.0,1000.0,2023-08-31,029,,2024-10-14,,,,False,False,False,False
327,1828.0,400.0,2023-08-31,031,,2024-10-14,,,,False,False,False,False
328,93.0,1000.0,2023-09-08,037,,2024-10-14,,,,False,False,False,False
329,551.0,500.0,2023-09-08,039,,2024-10-14,,,,False,False,False,False
330,1877.0,2000.0,2023-09-08,043,,2024-10-14,,,,False,False,False,False
331,567.0,500.0,2023-09-08,040,,2024-10-14,,,,False,False,False,False
332,345.0,1000.0,2023-09-09,044,,2024-10-14,,,,False,False,False,False
333,1880.0,1000.0,2023-09-09,045,,2024-10-14,,,,False,False,False,False
334,1881.0,1000.0,2023-08-11,040,,2024-10-14,,,,False,False,False,False
335,588.0,1000.0,2023-09-11,048,,2024-10-14,,,,False,False,False,False
336,327.0,6000.0,2023-09-11,049,,2024-10-14,,,,False,False,False,False
337,549.0,500.0,2023-09-11,050,,2024-10-14,,,,False,False,False,False
338,339.0,1000.0,2023-09-13,052,,2024-10-14,,,,False,False,False,False
339,1889.0,400.0,2023-09-18,057,,2024-10-14,,,,False,False,False,False
340,553.0,300.0,2023-10-15,060,,2024-10-14,,,,False,False,False,False
341,567.0,500.0,2023-10-16,062,,2024-10-14,,,,False,False,False,False
342,323.0,5000.0,2023-10-16,067,,2024-10-14,,,,False,False,False,False
343,81.0,2000.0,2023-10-27,081,ok,2024-10-14,,2024-11-22,Lency,False,False,False,False
344,,,,,,2024-10-14,,,,True,False,False,False
345,572.0,1000.0,2023-10-27,082,,2024-10-14,,,,False,False,False,False
346,520.0,1000.0,2023-10-27,089,,2024-10-14,,,,False,False,False,False
347,1771.0,0.0,,,,2024-10-14,,,,False,False,True,False
348,578.0,500.0,2023-10-27,094,,2024-10-14,,,,False,False,False,False
349,1722.0,10000.0,2023-11-09,103,,2024-10-14,,,,False,False,False,False
350,1891.0,5000.0,2023-11-09,105,,2024-10-14,,,,False,False,False,False
351,1880.0,1000.0,2023-11-28,123,,2024-10-15,,,,False,False,False,False
352,520.0,6000.0,2023-11-28,138,,2024-10-15,,,,False,False,False,False
353,50.0,3000.0,2023-11-28,139,,2024-10-15,,,,False,False,False,False
354,579.0,500.0,2023-11-28,140,,2024-10-15,,,,False,False,False,False
355,364.0,500.0,2023-11-28,141,,2024-10-15,,,,False,False,False,False
356,565.0,3000.0,2023-11-28,142,,2024-10-15,,,,False,False,False,False
357,67.0,3000.0,2023-11-28,145,ok,2024-10-15,,2024-11-22,Lency,False,False,False,False
358,85.0,6000.0,2023-11-28,148,,2024-10-15,,,,False,False,False,False
359,1795.0,3000.0,2024-02-28,457,,2024-10-15,,,,False,False,False,False
360,1695.0,1000.0,2024-02-29,459,,2024-10-15,,,,False,False,False,False
361,591.0,4200.0,2024-01-19,223,,2024-10-15,,,,False,False,False,False
362,1851.0,1000.0,2024-01-19,224,,2024-10-15,,,,False,False,False,False
363,571.0,2000.0,2024-01-19,225,,2024-10-15,,,,False,False,False,False
364,534.0,2000.0,2024-01-19,231,,2024-10-15,,,,False,False,False,False
365,356.0,8500.0,2024-01-19,232,,2024-10-15,,,,False,False,False,False
366,62.0,,,,,2024-10-15,,2024-11-22,Lency,False,True,False,False
367,1881.0,1000.0,2024-01-19,237,,2024-10-15,,,,False,False,False,False
368,1880.0,1000.0,2024-01-19,238,,2024-10-15,,,,False,False,False,False
369,1879.0,500.0,2024-01-19,248,,2024-10-15,,,,False,False,False,False
370,326.0,500.0,2024-01-19,249,,2024-10-15,,,,False,False,False,False
371,583.0,500.0,2024-01-19,250,,2024-10-15,,,,False,False,False,False
372,362.0,500.0,2024-01-19,251,"DEC.13,2023",2024-10-15,,,,False,False,False,False
373,562.0,500.0,2024-01-19,252,12-11-23,2024-10-15,,,,False,False,False,False
374,352.0,500.0,2024-01-19,253,,2024-10-15,,,,False,False,False,False
375,577.0,500.0,2024-01-19,254,"DEC.11,2023",2024-10-15,,,,False,False,False,False
376,578.0,1000.0,2024-01-19,255,,2024-10-15,,,,False,False,False,False
377,364.0,1000.0,2024-01-19,256,"DEC.11,2023",2024-10-15,,,,False,False,False,False
378,579.0,500.0,2024-01-19,257,,2024-10-15,,,,False,False,False,False
379,313.0,,,,,2024-10-15,,,,False,True,False,False
380,1742.0,,,,,2024-10-15,,,,False,True,False,False
381,373.0,500.0,2024-01-19,264,,2024-10-15,,,,False,False,False,False
382,588.0,2000.0,2024-01-19,265,"DEC.12,2023",2024-10-15,,,,False,False,False,False
383,571.0,1500.0,2024-01-19,268,,2024-10-15,,,,False,False,False,False
384,1729.0,2150.0,2024-01-19,276,"DEC.13,2023",2024-10-15,,,,False,False,False,False
385,344.0,1000.0,2024-01-19,270,,2024-10-15,,,,False,False,False,False
386,592.0,500.0,2024-01-19,271,,2024-10-15,,,,False,False,False,False
387,575.0,2000.0,2024-01-19,274,,2024-10-15,,,,False,False,False,False
388,328.0,500.0,2024-01-19,275,,2024-10-15,,,,False,False,False,False
389,1730.0,,,,,2024-10-15,,,,False,True,False,False
390,536.0,500.0,2024-01-19,281,"DEC.14,2023",2024-10-15,,,,False,False,False,False
391,335.0,500.0,2024-01-19,282,"DEC.14,2023",2024-10-15,,,,False,False,False,False
392,552.0,500.0,2024-01-19,283,"DEC.14,2023",2024-10-15,,,,False,False,False,False
393,324.0,500.0,2024-01-19,284,"DEC.14,2023",2024-10-15,,,,False,False,False,False
394,585.0,500.0,2024-01-19,285,"DEC.14,2023",2024-10-15,,,,False,False,False,False
395,564.0,500.0,2024-01-19,256,"DEC.14,2023",2024-10-15,,,,False,False,False,False
396,333.0,500.0,2024-01-19,287,"DEC.14,2023",2024-10-15,,,,False,False,False,False
397,319.0,500.0,2024-01-19,290,"DEC.14,2023",2024-10-15,,,,False,False,False,False
398,332.0,300.0,2024-01-19,291,"DEC.15,2023",2024-10-15,,,,False,False,False,False
399,334.0,3000.0,2024-01-19,292,"DEC.15,2023",2024-10-15,,,,False,False,False,False
400,317.0,300.0,2024-01-19,293,"DEC.15,2023",2024-10-15,,,,False,False,False,False
401,594.0,200.0,2024-01-19,294,"DEC.15,2023",2024-10-15,,,,False,False,False,False
402,580.0,1000.0,2024-01-19,296,,2024-10-15,,,,False,False,False,False
403,1747.0,1000.0,2024-01-19,298,"DEC.19,2023",2024-10-15,,,,False,False,False,False
404,1752.0,,,,"dec.19,2023",2024-10-16,,,,False,True,False,False
405,1746.0,10000.0,2024-01-19,300,"DEC.19,2023",2024-10-16,,2024-11-20,Lency,False,False,False,False
406,1796.0,1000.0,2024-01-19,301,12-19-22,2024-10-16,,,,False,False,False,False
407,1745.0,1000.0,2024-01-19,302,"DEC.19,2023",2024-10-16,,,,False,False,False,False
408,322.0,1000.0,2024-01-19,303,"DEC.19,2023",2024-10-16,,,,False,False,False,False
409,570.0,1000.0,2024-01-19,304,"DEC.19,2023",2024-10-16,,,,False,False,False,False
410,362.0,4000.0,2023-01-19,305,"DEC.19,2023",2024-10-16,,,,False,False,False,False
411,95.0,3000.0,2024-01-19,308,"JAN.3,2024 / ok",2024-10-16,,2024-11-22,Lency,False,False,False,False
412,347.0,7000.0,2024-02-05,312,,2024-10-16,,,,False,False,False,False
413,357.0,500.0,2024-02-13,313,,2024-10-16,,,,False,False,False,False
414,317.0,1000.0,2024-02-22,314,,2024-10-16,,,,False,False,False,False
415,334.0,1000.0,2024-02-22,315,,2024-10-16,,,,False,False,False,False
416,575.0,1000.0,2024-02-22,316,,2024-10-16,,,,False,False,False,False
417,1851.0,1000.0,2024-02-22,317,,2024-10-16,,,,False,False,False,False
418,326.0,9000.0,2024-02-22,318,,2024-10-16,,,,False,False,False,False
419,1879.0,9000.0,2024-02-22,319,,2024-10-16,,,,False,False,False,False
420,583.0,8500.0,2024-02-22,320,,2024-10-16,,,,False,False,False,False
421,362.0,4500.0,2024-02-22,321,,2024-10-16,,,,False,False,False,False
422,341.0,500.0,2024-02-22,322,,2024-10-16,,,,False,False,False,False
423,315.0,500.0,2024-02-22,323,,2024-10-16,,,,False,False,False,False
424,355.0,500.0,2024-02-22,324,,2024-10-16,,,,False,False,False,False
425,1880.0,2000.0,2024-02-22,325,,2024-10-16,,,,False,False,False,False
426,1881.0,1000.0,2023-08-08,025,,2024-10-16,,,,False,False,False,False
427,575.0,1000.0,2024-03-14,327,,2024-10-16,,,,False,False,False,False
428,1880.0,3000.0,2024-03-14,328,,2024-10-16,,,,False,False,False,False
429,1881.0,3000.0,2024-03-14,329,,2024-10-16,,,,False,False,False,False
430,335.0,1000.0,2024-03-14,330,,2024-10-16,,,,False,False,False,False
431,317.0,1000.0,2024-03-14,331,,2024-10-16,,,,False,False,False,False
432,334.0,1000.0,2024-03-14,332,,2024-10-16,,,,False,False,False,False
433,592.0,1000.0,2024-03-14,333,,2024-10-16,,,,False,False,False,False
434,588.0,2500.0,2024-03-14,334,,2024-10-16,,,,False,False,False,False
435,1849.0,2000.0,2024-03-14,335,,2024-10-16,,,,False,False,False,False
436,578.0,1000.0,2024-03-14,336,,2024-10-16,,,,False,False,False,False
437,364.0,1500.0,2024-03-14,337,,2024-10-16,,,,False,False,False,False
438,579.0,1000.0,2024-03-14,338,,2024-10-16,,,,False,False,False,False
439,571.0,5000.0,2024-03-14,339,,2024-10-16,,,,False,False,False,False
440,575.0,1000.0,2024-03-21,340,,2024-10-16,,,,False,False,False,False
441,592.0,1000.0,2024-03-21,341,,2024-10-16,,,,False,False,False,False
442,334.0,1000.0,2024-03-21,342,,2024-10-16,,,,False,False,False,False
443,317.0,1000.0,2024-03-21,343,,2024-10-16,,,,False,False,False,False
444,580.0,1000.0,2024-03-21,344,,2024-10-16,,,,False,False,False,False
445,,,,,,2024-10-16,,,,True,False,False,False
446,579.0,500.0,2024-04-12,346,,2024-10-16,,,,False,False,False,False
447,364.0,500.0,2024-04-12,347,,2024-10-16,,,,False,False,False,False
448,335.0,1000.0,2024-04-12,348,,2024-10-16,,,,False,False,False,False
449,368.0,1500.0,2024-04-12,349,,2024-10-16,,,,False,False,False,False
450,557.0,1500.0,2024-04-12,350,,2024-10-16,,,,False,False,False,False
451,578.0,1000.0,2024-04-29,552,,2024-10-16,,,,False,False,False,False
452,579.0,1000.0,2024-04-29,553,,2024-10-16,,,,False,False,False,False
453,364.0,500.0,2024-04-29,554,,2024-10-16,,,,False,False,False,False
454,575.0,4000.0,2024-04-29,555,,2024-10-16,,,,False,False,False,False
455,548.0,2000.0,2024-04-29,556,,2024-10-16,,,,False,False,False,False
456,335.0,1000.0,2024-04-29,557,,2024-10-16,,,,False,False,False,False
457,317.0,1000.0,2024-04-29,558,,2024-10-16,,,,False,False,False,False
458,334.0,1000.0,2024-04-29,559,,2024-10-16,,,,False,False,False,False
459,566.0,5000.0,2024-04-29,560,,2024-10-16,,,,False,False,False,False
460,332.0,300.0,2024-04-29,561,,2024-10-16,,,,False,False,False,False
461,360.0,2000.0,2024-04-29,562,,2024-10-16,,,,False,False,False,False
462,338.0,1500.0,2024-04-29,563,,2024-10-16,,,,False,False,False,False
463,578.0,1000.0,2024-05-14,564,,2024-10-16,,,,False,False,False,False
464,364.0,1000.0,2024-05-14,565,,2024-10-16,,,,False,False,False,False
465,579.0,500.0,2024-05-14,566,,2024-10-16,,,,False,False,False,False
466,564.0,1000.0,2024-05-14,567,,2024-10-16,,,,False,False,False,False
467,333.0,1000.0,2024-05-14,568,,2024-10-16,,,,False,False,False,False
468,565.0,4000.0,2024-05-14,569,,2024-10-16,,,,False,False,False,False
469,1474.0,3000.0,2024-05-14,570,,2024-10-16,,,,False,False,False,False
470,363.0,500.0,2024-05-14,571,,2024-10-16,,,,False,False,False,False
471,365.0,500.0,2024-05-14,572,,2024-10-16,,,,False,False,False,False
472,584.0,500.0,2024-05-14,573,,2024-10-16,,,,False,False,False,False
473,328.0,500.0,2024-05-14,574,,2024-10-16,,,,False,False,False,False
474,317.0,1000.0,2024-05-14,575,,2024-10-16,,,,False,False,False,False
475,,,,,,2024-10-16,,,,True,False,False,False
476,334.0,1000.0,2024-05-14,576,,2024-10-16,,,,False,False,False,False
477,335.0,1000.0,2024-05-14,577,,2024-10-16,,,,False,False,False,False
478,588.0,3500.0,2024-05-14,579,,2024-10-16,,,,False,False,False,False
479,1471.0,,,,,2024-10-16,,,,False,True,False,False
480,597.0,10000.0,2024-05-19,593,,2024-10-16,,,,False,False,False,False
481,564.0,7500.0,2024-05-19,581,,2024-10-16,,,,False,False,False,False
482,333.0,7500.0,2024-05-19,583,,2024-10-16,,,,False,False,False,False
483,557.0,5500.0,2024-05-19,584,,2024-10-16,,,,False,False,False,False
484,368.0,5500.0,2024-05-19,585,,2024-10-16,,,,False,False,False,False
485,335.0,5000.0,2024-05-19,586,,2024-10-16,,,,False,False,False,False
486,324.0,8500.0,2024-05-19,587,,2024-10-16,,,,False,False,False,False
487,552.0,8500.0,2024-05-19,588,,2024-10-16,,,,False,False,False,False
488,585.0,9000.0,2024-05-19,589,,2024-10-16,,,,False,False,False,False
489,319.0,8500.0,2024-05-19,590,,2024-10-16,,,,False,False,False,False
490,591.0,800.0,2024-05-19,591,,2024-10-16,,,,False,False,False,False
491,349.0,5000.0,2024-05-19,592,,2024-10-16,,,,False,False,False,False
492,350.0,8000.0,2024-05-19,594,,2024-10-16,,,,False,False,False,False
493,578.0,2000.0,2024-05-19,595,,2024-10-16,,,,False,False,False,False
494,364.0,5000.0,2024-05-19,596,,2024-10-16,,,,False,False,False,False
495,579.0,4000.0,2024-05-19,597,,2024-10-16,,,,False,False,False,False
496,1849.0,6000.0,2024-05-19,598,,2024-10-16,,,,False,False,False,False
497,562.0,6500.0,2024-05-19,599,,2024-10-16,,,,False,False,False,False
498,344.0,8000.0,2024-05-19,600,,2024-10-16,,,,False,False,False,False
499,68.0,1000.0,2023-12-07,154,,2024-10-16,,,,False,False,False,False
500,49.0,4000.0,2023-12-08,155,,2024-10-16,,,,False,False,False,False
501,1743.0,10000.0,2023-12-11,159,,2024-10-16,,,,False,False,False,False
502,1891.0,5000.0,2023-12-11,160,,2024-10-16,,,,False,False,False,False
503,1740.0,3000.0,2023-08-10,805,,2024-10-16,,2024-11-20,Lency,False,False,False,False
504,1700.0,10000.0,2024-01-09,181,,2024-10-16,,,,False,False,False,False
505,1679.0,1000.0,2022-12-19,560,,2024-10-16,,,,False,False,False,False
506,1762.0,7100.0,2023-01-13,564,,2024-10-16,,,,False,False,False,False
507,1764.0,6800.0,2023-01-13,565,,2024-10-16,,,,False,False,False,False
508,1895.0,2650.0,2023-01-13,566,,2024-10-16,,,,False,False,False,False
509,1768.0,3000.0,2023-01-27,580,,2024-10-16,,,,False,False,False,False
510,1679.0,1200.0,2022-12-19,600,,2024-10-16,,,,False,False,False,False
511,1795.0,,,,,2024-10-17,,,,False,True,False,False
512,1663.0,5000.0,2023-10-16,895,,2024-10-17,,,,False,False,False,False
513,1806.0,10000.0,2023-02-20,773,,2024-10-17,,,,False,False,False,False
514,1745.0,4250.0,2023-03-07,782,,2024-10-17,,,,False,False,False,False
515,1693.0,5600.0,2023-03-10,785,,2024-10-18,,,,False,False,False,False
516,1695.0,1000.0,2023-03-10,786,,2024-10-18,,,,False,False,False,False
517,1748.0,50.0,2023-03-13,792,,2024-10-18,,,,False,False,False,False
518,1693.0,5000.0,2023-03-14,803,,2024-10-18,,,,False,False,False,False
519,1805.0,10000.0,2023-03-30,614,OK,2024-10-18,,2024-11-21,,False,False,False,False
520,1780.0,5000.0,2023-03-30,618,ok,2024-10-18,,2024-11-20,,False,False,False,False
521,1780.0,5000.0,2023-04-03,621,ok,2024-10-18,,2024-11-20,,False,False,False,False
522,1742.0,10000.0,2023-04-10,638,,2024-10-18,,,,False,False,False,False
523,1766.0,2500.0,2023-04-11,640,OK,2024-10-18,,2024-11-20,Lency,False,False,False,False
524,1714.0,10000.0,2023-04-14,643,30000 TO M.A,2024-10-18,,,,False,False,False,False
525,1799.0,10000.0,2023-04-14,644,20000 TO PROCESSING FEE,2024-10-18,,,,False,False,False,False
526,1810.0,1000.0,2023-04-17,649,YUNG SOBRANG 9000 NAPUNTA SA M.A,2024-10-18,,,,False,False,False,False
527,1775.0,10000.0,2023-04-17,650,,2024-10-18,,,,False,False,False,False
528,1671.0,7000.0,2023-04-22,654,,2024-10-18,,,,False,False,False,False
529,1771.0,10000.0,2023-04-25,656,,2024-10-18,,,,False,False,False,False
530,1892.0,10000.0,2023-04-25,657,,2024-10-18,,,,False,False,False,False
531,1740.0,700.0,2023-12-20,176,,2024-10-18,,2024-11-20,Lency,False,False,False,False
532,1770.0,10000.0,2023-08-31,832,2 LOT.,2024-10-18,,2024-11-20,Lency,False,False,False,False
533,1677.0,2100.0,2023-06-02,712,pf/rtax,2024-10-18,,,,False,False,False,False
534,1710.0,2000.0,2023-06-10,730,,2024-10-18,,,,False,False,False,False
535,560.0,0.0,,,,2024-10-18,,,,False,False,True,False
537,1740.0,10000.0,2023-05-01,662,,2024-10-21,,2024-11-20,Lency,False,False,False,False
538,1658.0,10000.0,2023-05-05,664,,2024-10-21,,,,False,False,False,False
539,1744.0,10000.0,2023-05-05,665,,2024-10-21,,,,False,False,False,False
540,1690.0,,,,,2024-10-21,,,,False,True,False,False
541,1690.0,10000.0,2023-05-06,667,"400 TO MEMBERSHIP FEE, 5000 TO M.A",2024-10-21,,,,False,False,False,False
542,1735.0,,,,,2024-10-21,,2024-11-20,Lency,False,True,False,False
543,1733.0,10000.0,2023-05-08,670,,2024-10-21,,,,False,False,False,False
544,1818.0,10000.0,2023-05-08,671,,2024-10-21,,,,False,False,False,False
545,1711.0,10000.0,2023-05-16,689,,2024-10-21,,,,False,False,False,False
546,1735.0,,,,,2024-10-21,,2024-11-20,Lency,False,True,False,False
547,,0.0,,,,2024-10-21,,,,True,False,True,False
548,1711.0,10000.0,2023-05-08,669,,2024-10-21,,,,False,False,False,False
549,1733.0,,,,,2024-10-21,,,,False,True,False,False
550,1766.0,7500.0,2023-05-11,675,OK,2024-10-21,,2024-11-20,Lency,False,False,False,False
551,1797.0,10000.0,2023-07-10,778,,2024-10-21,,,,False,False,False,False
552,1478.0,,,,,2024-10-21,,,,False,True,False,False
553,80.0,5100.0,2024-06-27,1058,,2024-10-21,,,,False,False,False,False
554,1719.0,10000.0,2021-02-13,,,2024-10-21,,2024-11-18,,False,False,False,False
555,1903.0,10000.0,2024-05-10,612,,2024-10-21,,,,False,False,False,False
556,1831.0,10000.0,2024-06-07,639,"blk 1 , lot 12",2024-10-21,,2024-11-20,Lency,False,False,False,False
557,1836.0,10000.0,2024-06-18,645,,2024-10-21,,,,False,False,False,False
558,1694.0,1000.0,2018-11-11,,,2024-10-24,,,,False,False,False,False
559,1678.0,1000.0,2018-11-11,,,2024-10-24,,2024-11-15,,False,False,False,False
560,1904.0,1000.0,2018-11-11,,,2024-10-24,,,,False,False,False,False
561,1905.0,1000.0,2018-11-11,,,2024-10-24,,,,False,False,False,False
562,1906.0,1000.0,2018-11-11,,,2024-10-24,,,,False,False,False,False
563,1761.0,1000.0,2018-11-11,,,2024-10-24,,,,False,False,False,False
564,1817.0,500.0,2018-11-11,,OK,2024-10-24,,2024-11-20,,False,False,False,False
565,1783.0,1000.0,2018-11-11,,OK,2024-10-24,,2024-11-20,,False,False,False,False
566,1907.0,500.0,2018-11-11,,,2024-10-24,,,,False,False,False,False
567,1768.0,1000.0,2018-11-11,,,2024-10-24,,,,False,False,False,False
568,1667.0,500.0,2018-11-11,,,2024-10-24,,,,False,False,False,False
569,1779.0,1000.0,2018-11-11,,,2024-10-24,,,,False,False,False,False
570,1781.0,1000.0,2017-11-13,,,2024-10-24,,,,False,False,False,False
571,1664.0,500.0,2017-11-15,,,2024-10-24,,,,False,False,False,False
572,1792.0,500.0,2017-11-15,,,2024-10-24,,,,False,False,False,False
573,1662.0,500.0,2017-11-15,,,2024-10-24,,,,False,False,False,False
574,1908.0,500.0,2017-11-15,,,2024-10-24,,,,False,False,False,False
575,1909.0,500.0,2017-11-16,,,2024-10-24,,,,False,False,False,False
576,1874.0,5000.0,2017-11-16,,,2024-10-24,,,,False,False,False,False
577,1745.0,1000.0,2017-11-17,,,2024-10-24,,,,False,False,False,False
578,1911.0,500.0,2017-11-17,,,2024-10-24,,,,False,False,False,False
579,1912.0,500.0,2017-11-17,,,2024-10-24,,,,False,False,False,False
580,1706.0,500.0,2017-11-16,,,2024-10-24,,,,False,False,False,False
581,1706.0,500.0,2018-02-01,,,2024-10-24,,,,False,False,False,False
582,1913.0,1000.0,2018-02-01,,,2024-10-24,,,,False,False,False,False
583,1703.0,2000.0,2018-02-13,,,2024-10-24,,,,False,False,False,False
584,1728.0,2000.0,2018-02-13,,,2024-10-24,,,,False,False,False,False
585,1706.0,1000.0,2018-02-13,,,2024-10-24,,,,False,False,False,False
586,1914.0,2000.0,2018-02-13,,,2024-10-24,,,,False,False,False,False
587,1748.0,500.0,2018-02-13,,,2024-10-24,,,,False,False,False,False
588,1667.0,500.0,2018-02-13,,,2024-10-24,,,,False,False,False,False
589,1778.0,500.0,2018-02-15,,OK,2024-10-24,,2024-11-20,Lency,False,False,False,False
590,1915.0,2000.0,2018-02-15,,,2024-10-24,,,,False,False,False,False
591,1702.0,2000.0,2018-02-14,,,2024-10-24,,,,False,False,False,False
592,1678.0,1000.0,2018-02-14,,,2024-10-24,,2024-11-15,,False,False,False,False
593,1672.0,2000.0,2018-02-19,,,2024-10-24,,,,False,False,False,False
594,1759.0,1500.0,2018-02-19,,OK,2024-10-24,,2024-11-20,Lency,False,False,False,False
595,1701.0,2000.0,2018-02-19,,,2024-10-24,,,,False,False,False,False
596,1701.0,500.0,2017-11-17,,,2024-10-24,,,,False,False,False,False
597,1916.0,500.0,2018-02-20,,,2024-10-24,,,,False,False,False,False
598,1697.0,2000.0,2018-02-20,,,2024-10-24,,,,False,False,False,False
599,1783.0,1000.0,2018-02-20,,OK,2024-10-24,,2024-11-20,,False,False,False,False
600,1761.0,1000.0,2018-02-20,,,2024-10-24,,,,False,False,False,False
601,1667.0,1000.0,2018-02-20,,,2024-10-24,,,,False,False,False,False
602,1917.0,2000.0,2018-02-20,,,2024-10-24,,,,False,False,False,False
603,1679.0,2000.0,2018-02-20,,,2024-10-24,,,,False,False,False,False
604,1918.0,1000.0,2018-02-20,,,2024-10-24,,,,False,False,False,False
605,1745.0,1000.0,2018-02-21,,,2024-10-24,,,,False,False,False,False
606,1919.0,2000.0,2018-02-26,,,2024-10-24,,,,False,False,False,False
607,1777.0,2000.0,2018-03-02,,,2024-10-24,,,,False,False,False,False
608,1920.0,1000.0,2018-03-02,,,2024-10-24,,,,False,False,False,False
609,1694.0,1000.0,2018-03-02,,,2024-10-24,,,,False,False,False,False
610,1817.0,1000.0,2021-11-26,182,OK,2024-10-24,,2024-11-20,,False,False,False,False
611,1918.0,1000.0,2018-03-08,,,2024-10-24,,,,False,False,False,False
612,1674.0,500.0,2018-03-08,,,2024-10-24,,,,False,False,False,False
613,1921.0,2000.0,2018-03-08,,,2024-10-24,,,,False,False,False,False
614,1778.0,1000.0,2018-04-03,,OK,2024-10-24,,2024-11-20,Lency,False,False,False,False
615,1922.0,500.0,2018-04-03,,,2024-10-28,,,,False,False,False,False
616,1667.0,500.0,2018-04-03,,,2024-10-28,,,,False,False,False,False
617,1706.0,500.0,2018-04-03,,,2024-10-28,,,,False,False,False,False
618,1759.0,500.0,2018-04-17,,OK,2024-10-28,,2024-11-20,Lency,False,False,False,False
619,1728.0,2000.0,2018-05-16,,,2024-10-28,,,,False,False,False,False
620,1923.0,2000.0,2018-05-17,,,2024-10-28,,,,False,False,False,False
621,1901.0,,,,,2024-10-28,,2024-11-20,,False,True,False,False
622,1769.0,2000.0,2018-05-17,,,2024-10-28,,,,False,False,False,False
623,1709.0,2000.0,2018-05-17,,,2024-10-28,,,,False,False,False,False
624,1925.0,2000.0,2018-05-21,,,2024-10-28,,,,False,False,False,False
625,1761.0,1000.0,2018-05-21,,,2024-10-28,,,,False,False,False,False
626,1777.0,6000.0,2018-06-09,,,2024-10-28,,,,False,False,False,False
627,1920.0,1000.0,2018-06-09,,,2024-10-28,,,,False,False,False,False
628,1924.0,2000.0,2018-06-13,,,2024-10-28,,,,False,False,False,False
629,1694.0,1000.0,2018-06-14,,,2024-10-28,,,,False,False,False,False
630,1817.0,,,,,2024-10-28,,2024-11-20,,False,True,False,False
631,1678.0,2000.0,2018-07-13,,,2024-10-28,,2024-11-15,,False,False,False,False
632,1778.0,1000.0,2018-07-13,,OK,2024-10-28,,2024-11-20,Lency,False,False,False,False
633,1759.0,1000.0,2018-07-13,,OK,2024-10-28,,2024-11-20,Lency,False,False,False,False
634,1728.0,5000.0,2018-07-13,,,2024-10-28,,,,False,False,False,False
635,1795.0,1000.0,2018-07-13,,,2024-10-28,,,,False,False,False,False
636,1706.0,1700.0,2018-07-20,,,2024-10-28,,,,False,False,False,False
637,1674.0,500.0,2018-07-20,,,2024-10-28,,,,False,False,False,False
638,1694.0,7000.0,2018-08-31,,,2024-10-28,,,,False,False,False,False
639,1920.0,7000.0,2018-08-31,,,2024-10-28,,,,False,False,False,False
640,1759.0,2000.0,2018-07-30,,OK,2024-10-28,,2024-11-20,Lency,False,False,False,False
641,1699.0,4000.0,2018-07-31,,,2024-10-28,,,,False,False,False,False
642,1701.0,7450.0,2018-08-02,,,2024-10-28,,,,False,False,False,False
643,1701.0,50.0,2022-01-23,64,,2024-10-28,,,,False,False,False,False
644,1817.0,500.0,2022-01-23,67,OK,2024-10-28,,2024-11-20,,False,False,False,False
645,1778.0,6000.0,2018-08-09,,OK,2024-10-28,,2024-11-20,Lency,False,False,False,False
646,1926.0,9700.0,2018-08-16,,,2024-10-28,,,,False,False,False,False
647,1678.0,600.0,2018-08-18,,,2024-10-28,,2024-11-15,,False,False,False,False
648,1677.0,7000.0,2018-08-18,,,2024-10-28,,,,False,False,False,False
649,1702.0,7000.0,2018-08-18,,,2024-10-28,,,,False,False,False,False
650,1759.0,1000.0,2018-08-18,,OK,2024-10-28,,2024-11-20,Lency,False,False,False,False
651,1728.0,2000.0,2018-08-24,,,2024-10-28,,,,False,False,False,False
652,1697.0,5000.0,2018-08-28,,,2024-10-28,,,,False,False,False,False
653,1761.0,5000.0,2018-08-28,,,2024-10-28,,,,False,False,False,False
654,1759.0,1000.0,2018-09-13,,OK,2024-10-28,,2024-11-20,Lency,False,False,False,False
655,1832.0,2000.0,2018-09-13,,,2024-10-28,,,,False,False,False,False
656,1684.0,9950.0,2018-09-14,,,2024-10-28,,,,False,False,False,False
657,1683.0,9950.0,2018-09-17,,,2024-10-28,,,,False,False,False,False
658,1778.0,500.0,2018-09-17,,OK,2024-10-28,,2024-11-20,Lency,False,False,False,False
659,1896.0,2000.0,2018-09-17,,,2024-10-28,,,,False,False,False,False
660,1777.0,1000.0,2018-09-27,,,2024-10-28,,,,False,False,False,False
661,1759.0,1000.0,2018-09-27,,OK,2024-10-28,,2024-11-20,Lency,False,False,False,False
662,1662.0,3000.0,2018-10-05,,,2024-10-28,,,,False,False,False,False
663,1778.0,1000.0,2021-12-15,194,OK,2024-10-28,,2024-11-20,Lency,False,False,False,False
664,1817.0,450.0,2018-10-25,,OK,2024-10-28,,2024-11-20,,False,False,False,False
665,1667.0,1000.0,2018-10-15,,,2024-10-28,,,,False,False,False,False
666,1817.0,1500.0,2018-03-08,,OK,2024-10-28,,2024-11-20,,False,False,False,False
667,1816.0,5000.0,2018-10-25,,,2024-10-28,,,,False,False,False,False
668,1759.0,750.0,2018-10-29,,OK,2024-10-28,,2024-11-20,Lency,False,False,False,False
669,1706.0,2000.0,2018-11-09,101,,2024-10-28,,,,False,False,False,False
670,1672.0,7700.0,2018-11-13,102,,2024-10-28,,,,False,False,False,False
671,1816.0,4950.0,2018-11-14,,OK,2024-10-28,,2024-11-22,Lency,False,False,False,False
672,1777.0,1000.0,2018-12-05,,,2024-10-28,,,,False,False,False,False
673,1761.0,500.0,2018-12-05,,,2024-10-28,,,,False,False,False,False
674,1706.0,3500.0,2018-12-12,,,2024-10-28,,,,False,False,False,False
675,1761.0,1000.0,2019-01-08,103,,2024-10-28,,,,False,False,False,False
676,1667.0,2000.0,2019-01-08,104,,2024-10-28,,,,False,False,False,False
677,1748.0,4000.0,2019-01-10,105,,2024-10-28,,,,False,False,False,False
678,1928.0,2000.0,2019-01-15,,,2024-10-28,,,,False,False,False,False
679,1667.0,1000.0,2019-01-15,106,,2024-10-28,,,,False,False,False,False
680,1783.0,8000.0,2019-01-22,,OK,2024-10-28,,2024-11-20,,False,False,False,False
681,1925.0,5000.0,2019-01-31,,,2024-10-28,,,,False,False,False,False
682,1748.0,4950.0,2019-01-31,115,,2024-10-28,,,,False,False,False,False
683,1664.0,5000.0,2019-01-31,114,,2024-10-28,,,,False,False,False,False
684,1792.0,2450.0,2019-01-31,116,,2024-10-28,,,,False,False,False,False
685,1768.0,4000.0,2019-02-05,118,,2024-10-28,,,,False,False,False,False
686,1667.0,1100.0,2019-02-05,119,,2024-10-28,,,,False,False,False,False
687,1697.0,2950.0,2019-02-05,117,,2024-10-28,,,,False,False,False,False
688,1896.0,580.0,2019-02-05,122,,2024-10-28,,,,False,False,False,False
689,1745.0,5000.0,2019-02-06,123,,2024-10-28,,,,False,False,False,False
690,1781.0,3000.0,2019-02-07,124,,2024-10-28,,,,False,False,False,False
691,1698.0,8000.0,2019-02-07,124,,2024-10-28,,,,False,False,False,False
692,1662.0,2000.0,2019-03-05,126,,2024-10-28,,,,False,False,False,False
693,1769.0,5000.0,2019-03-11,126,,2024-10-28,,,,False,False,False,False
694,1908.0,9000.0,2019-03-03,128,,2024-10-28,,,,False,False,False,False
695,1896.0,500.0,2019-03-15,500,,2024-10-28,,,,False,False,False,False
696,1709.0,5000.0,2019-03-21,,,2024-10-28,,,,False,False,False,False
697,1929.0,400.0,2019-03-15,,,2024-10-28,,,,False,False,False,False
698,1763.0,1000.0,2021-02-13,,OK,2024-10-28,,2024-11-20,Lency,False,False,False,False
699,1930.0,,,,,2024-10-28,,2024-11-20,Lency,False,True,False,False
700,1895.0,1000.0,2021-02-13,,,2024-10-28,,,,False,False,False,False
701,1718.0,5000.0,2021-02-13,140,,2024-10-28,,,,False,False,False,False
702,1857.0,10000.0,2024-05-03,607,,2024-10-28,,,,False,False,False,False
703,1931.0,500.0,2021-02-15,146,,2024-10-28,,,,False,False,False,False
704,1932.0,4000.0,2021-02-24,,,2024-10-28,,,,False,False,False,False
705,1730.0,2000.0,2021-03-05,150,OK,2024-10-28,,2024-11-19,,False,False,False,False
706,1788.0,1000.0,2021-03-05,151,,2024-10-28,,,,False,False,False,False
707,1718.0,5000.0,2021-03-05,147,,2024-10-28,,,,False,False,False,False
708,1785.0,1000.0,2021-03-05,149,OK,2024-10-28,,2024-11-20,,False,False,False,False
709,1695.0,500.0,2021-03-05,152,,2024-10-28,,,,False,False,False,False
710,1933.0,500.0,2021-03-05,153,,2024-10-28,,,,False,False,False,False
711,1933.0,1000.0,2021-03-14,155,,2024-10-28,,,,False,False,False,False
712,1934.0,2000.0,2021-03-14,156,,2024-10-28,,,,False,False,False,False
713,1790.0,1000.0,2021-03-14,157,,2024-10-28,,,,False,False,False,False
714,1935.0,1000.0,2021-03-14,1159,,2024-10-28,,,,False,False,False,False
715,1753.0,600.0,2021-03-19,160,,2024-10-28,,,,False,False,False,False
716,1936.0,2000.0,2021-04-09,162,,2024-10-28,,,,False,False,False,False
717,1730.0,5000.0,2021-04-20,164,OK,2024-10-28,,2024-11-19,,False,False,False,False
718,1729.0,3000.0,2021-04-20,165,OK,2024-10-28,,2024-11-19,,False,False,False,False
719,1676.0,5000.0,2021-05-17,166,,2024-10-28,,,,False,False,False,False
720,1676.0,1000.0,2021-06-16,167,,2024-10-28,,,,False,False,False,False
721,1676.0,1000.0,2021-07-01,168,,2024-10-28,,,,False,False,False,False
723,1697.0,50.0,2021-11-26,176,,2024-10-28,,,,False,False,False,False
724,1730.0,1000.0,2021-11-26,177,OK,2024-10-28,,2024-11-19,,False,False,False,False
725,1729.0,1000.0,2021-11-26,178,OK,2024-10-28,,2024-11-19,,False,False,False,False
726,1781.0,6000.0,2021-11-26,181,YUNG SOBRA NA 1000 DIRITSO SA M.A,2024-10-28,,,,False,False,False,False
727,1817.0,3000.0,2018-07-13,,OK,2024-10-28,,2024-11-20,,False,False,False,False
728,1816.0,50.0,2021-11-26,183,NASA M.A ANG SOBRA,2024-10-28,,,,False,False,False,False
729,1782.0,1000.0,2021-11-26,984,OK,2024-10-28,,2024-11-20,,False,False,False,False
730,1790.0,3000.0,2021-11-26,185,,2024-10-28,,,,False,False,False,False
731,1936.0,1000.0,2021-11-26,186,,2024-10-28,,,,False,False,False,False
732,1676.0,1000.0,2021-10-15,169,,2024-10-28,,2024-11-14,,False,False,False,False
733,1938.0,500.0,2021-12-15,188,,2024-10-28,,,,False,False,False,False
734,1920.0,500.0,2021-12-15,,,2024-10-28,,,,False,False,False,False
735,1730.0,1000.0,2021-12-15,192,,2024-10-28,,,,False,False,False,False
736,1729.0,1000.0,2021-12-15,193,OK,2024-10-28,,2024-11-19,,False,False,False,False
737,1778.0,0.0,,,,2024-10-28,,,,False,False,True,False
738,1939.0,1000.0,,197,,2024-10-28,,,,False,False,False,True
739,1785.0,500.0,2021-12-15,199,OK,2024-10-28,,2024-11-20,,False,False,False,False
740,1931.0,0.0,,,,2024-10-28,,,,False,False,True,False
741,1662.0,1000.0,2021-04-09,161,,2024-10-28,,,,False,False,False,False
742,1678.0,1000.0,2022-01-23,,,2024-10-28,,2024-11-15,,False,False,False,False
743,1683.0,50.0,2023-01-23,79,NASA M.A ANG SOBRA,2024-10-28,,2024-11-15,,False,False,False,False
744,1695.0,500.0,2022-01-23,56,,2024-10-28,,,,False,False,False,False
745,1698.0,500.0,2022-01-23,55,,2024-10-28,,,,False,False,False,False
746,1706.0,300.0,2022-01-23,70,,2024-10-28,,2024-11-15,,False,False,False,False
747,1701.0,0.0,,,,2024-10-28,,,,False,False,True,False
748,1702.0,500.0,2022-01-23,62,,2024-10-28,,,,False,False,False,False
749,1729.0,500.0,2022-01-23,71,,2024-10-28,,,,False,False,False,False
750,1748.0,500.0,2022-01-23,60,,2024-10-28,,,,False,False,False,False
751,1763.0,1000.0,2022-01-23,77,OK,2024-10-28,,2024-11-20,Lency,False,False,False,False
752,1764.0,0.0,,,,2024-10-28,,,,False,False,True,False
753,1782.0,500.0,2022-01-23,63,OK,2024-10-28,,2024-11-20,,False,False,False,False
754,1936.0,500.0,2022-01-23,58,,2024-10-28,,,,False,False,False,False
755,1676.0,,,,,2024-10-28,,2024-11-14,,False,True,False,False
756,1677.0,500.0,2022-01-23,068,,2024-10-28,,2024-11-15,,False,False,False,False
757,1941.0,2000.0,2022-01-23,69,,2024-10-28,,,,False,False,False,False
758,1684.0,50.0,2022-02-13,82,,2024-10-29,,,,False,False,False,False
759,1920.0,500.0,2022-02-13,,,2024-10-29,,,,False,False,False,False
760,1729.0,500.0,2022-02-13,89,,2024-10-29,,,,False,False,False,False
761,1730.0,500.0,2022-02-13,90,,2024-10-29,,,,False,False,False,False
762,1758.0,1000.0,2022-03-28,202,OK,2024-10-29,,2024-11-20,Lency,False,False,False,False
763,1705.0,9000.0,2022-03-28,201,,2024-10-29,,,,False,False,False,False
764,1675.0,9500.0,2022-04-27,236,,2024-10-29,,,,False,False,False,False
765,1695.0,1500.0,2022-04-28,237,,2024-10-29,,,,False,False,False,False
766,1674.0,8000.0,2022-04-29,237,,2024-10-29,,,,False,False,False,False
767,1758.0,2000.0,2022-06-06,324,OK,2024-10-29,,2024-11-20,Lency,False,False,False,False
768,1703.0,3000.0,2022-04-29,244,,2024-10-29,,,,False,False,False,False
769,1669.0,10000.0,2022-04-29,247,,2024-10-29,,,,False,False,False,False
770,1942.0,1000.0,2022-04-29,249,"MF,PF,RTAX",2024-10-29,,,,False,False,False,False
771,1732.0,7000.0,2022-04-29,250,,2024-10-29,,,,False,False,False,False
772,1794.0,10000.0,2022-04-29,252,"MF,PF,RTAX",2024-10-29,,,,False,False,False,False
773,1795.0,1200.0,2022-04-29,258,,2024-10-29,,,,False,False,False,False
774,1679.0,2000.0,2022-04-30,260,,2024-10-29,,,,False,False,False,False
775,1752.0,10000.0,2022-04-30,260,"PF,MF,S,RTAX",2024-10-29,,,,False,False,False,False
776,1796.0,10000.0,2022-04-30,263,"PF,MF,S,RTAX",2024-10-29,,,,False,False,False,False
777,1835.0,2000.0,2022-04-30,247,,2024-10-29,,,,False,False,False,False
778,1835.0,0.0,,,,2024-10-29,,,,False,False,True,False
779,1679.0,2400.0,2022-05-08,,,2024-10-29,,,,False,False,False,False
780,1729.0,1500.0,2022-05-08,279,,2024-10-29,,2024-11-19,,False,False,False,False
781,1730.0,500.0,2022-05-08,,ANG SOBRA SA M.A,2024-10-29,,,,False,False,False,False
782,1661.0,1000.0,2022-05-08,,,2024-10-29,,,,False,False,False,False
783,1674.0,850.0,2022-05-08,,,2024-10-29,,,,False,False,False,False
784,1947.0,900.0,2022-05-08,,,2024-10-29,,,,False,False,False,False
785,1896.0,2000.0,2022-05-08,284,OK,2024-10-29,,2024-11-15,,False,False,False,False
786,1678.0,1000.0,2022-05-08,,,2024-10-29,,2024-11-15,,False,False,False,False
787,1764.0,0.0,,,,2024-10-29,,,,False,False,True,False
788,1930.0,1000.0,2022-05-08,287,OK,2024-10-29,,2024-11-20,Lency,False,False,False,False
789,1763.0,1000.0,2022-05-08,288,OK,2024-10-29,,2024-11-20,Lency,False,False,False,False
790,1764.0,4450.0,2022-05-08,289,,2024-10-29,,,,False,False,False,False
791,1763.0,0.0,,,,2024-10-29,,,,False,False,True,False
792,1895.0,0.0,,,,2024-10-29,,,,False,False,True,False
793,1765.0,1000.0,2022-05-08,236,,2024-10-29,,,,False,False,False,False
794,1768.0,850.0,2022-05-08,290,,2024-10-29,,,,False,False,False,False
795,1758.0,2000.0,2022-05-08,292,OK,2024-10-29,,2024-11-20,Lency,False,False,False,False
796,1791.0,1000.0,2022-05-08,293,,2024-10-29,,,,False,False,False,False
797,1695.0,1000.0,2022-05-08,295,,2024-10-29,,,,False,False,False,False
798,1725.0,5000.0,2022-05-08,297,"PF,MF,S",2024-10-29,,,,False,False,False,False
799,1724.0,5000.0,2022-05-08,299,,2024-10-29,,,,False,False,False,False
800,1809.0,1000.0,2022-05-10,300,,2024-10-29,,,,False,False,False,False
801,1702.0,500.0,2022-05-10,301,,2024-10-29,,,,False,False,False,False
802,1676.0,1000.0,2021-12-14,187,,2024-10-29,,2024-11-14,,False,False,False,False
803,1770.0,5000.0,2022-05-25,303,,2024-10-29,,,,False,False,False,False
804,1901.0,,,,,2024-10-29,,2024-11-20,,False,True,False,False
805,1668.0,10000.0,2022-05-25,305,"RTAX, PM,MF",2024-10-29,,,,False,False,False,False
806,1703.0,2000.0,2022-05-25,307,,2024-10-29,,2024-11-15,,False,False,False,False
807,1815.0,1000.0,2022-05-25,308,,2024-10-29,,,,False,False,False,False
808,1803.0,2500.0,2022-05-25,310,,2024-10-29,,,,False,False,False,False
809,1770.0,5000.0,2022-05-28,311,,2024-10-29,,,,False,False,False,False
810,1740.0,10000.0,2022-05-28,312,,2024-10-29,,,,False,False,False,False
811,1731.0,3000.0,2022-05-25,306,,2024-10-29,,,,False,False,False,False
812,1731.0,7000.0,2022-05-28,318,,2024-10-29,,,,False,False,False,False
813,1808.0,10000.0,2022-05-28,319,PF.MF.RTAX,2024-10-29,,,,False,False,False,False
814,1804.0,7050.0,2022-05-28,321,,2024-10-29,,,,False,False,False,False
815,1803.0,7500.0,2024-05-28,321,,2024-10-29,,,,False,False,False,False
816,1789.0,10000.0,2022-06-06,325,,2024-10-29,,,,False,False,False,False
817,1814.0,10000.0,2022-06-06,326,,2024-10-29,,,,False,False,False,False
818,1815.0,5000.0,2022-06-06,327,OK,2024-10-29,,2024-11-22,Lency,False,False,False,False
819,1901.0,2000.0,2018-05-17,,ok,2024-10-29,,2024-11-20,,False,False,False,False
820,1708.0,8400.0,2022-06-12,329,MINUS Realty Tax,2024-10-29,,,,False,False,False,False
821,1709.0,3400.0,2022-06-12,330,4250 WITH REALTY TAX,2024-10-29,,,,False,False,False,False
822,1769.0,2000.0,2022-06-12,331,,2024-10-29,,,,False,False,False,False
823,1703.0,3000.0,2022-06-12,333,,2024-10-29,,,,False,False,False,False
824,1798.0,10000.0,2022-06-12,334,"11250, PF, MF RT",2024-10-29,,,,False,False,False,False
825,1785.0,1000.0,2022-06-12,335,OK,2024-10-29,,2024-11-20,,False,False,False,False
826,1782.0,1000.0,2022-06-12,336,OK,2024-10-29,,2024-11-20,,False,False,False,False
827,1727.0,10000.0,2022-06-17,,,2024-10-29,,,,False,False,False,False
828,1710.0,0.0,,,,2024-10-29,,,,False,False,True,False
829,1786.0,5000.0,2022-07-07,347,M.A NAKALAGAY PERO WALA SILA PROCESSING FEE.,2024-10-29,,,,False,False,False,False
830,1758.0,3000.0,2022-07-10,348,OK,2024-10-29,,2024-11-20,Lency,False,False,False,False
831,1949.0,1000.0,2022-07-10,352,,2024-10-29,,,,False,False,False,False
832,1774.0,5000.0,2022-07-10,362,,2024-10-29,,,,False,False,False,False
833,1774.0,3000.0,2022-07-12,366,"RT = 850,MF=300, S=100, PF 3000",2024-10-29,,,,False,False,False,False
834,1662.0,1000.0,2022-07-10,363,,2024-10-29,,,,False,False,False,False
835,1946.0,2000.0,2022-07-12,367,,2024-10-29,,,,False,False,False,False
836,1729.0,350.0,2022-08-03,370,,2024-10-29,,,,False,False,False,False
837,1815.0,500.0,2022-08-10,377,OK,2024-10-29,,2024-11-22,Lency,False,False,False,False
838,1704.0,10000.0,2022-08-10,379,,2024-10-29,,,,False,False,False,False
839,1787.0,2000.0,2022-08-10,380,,2024-10-29,,,,False,False,False,False
840,1946.0,7000.0,2022-08-10,381,,2024-10-29,,,,False,False,False,False
841,1767.0,10000.0,2022-08-10,386,"11250, RTAX, MF, PF",2024-10-29,,,,False,False,False,False
842,1782.0,1000.0,2022-08-11,391,OK,2024-10-29,,2024-11-20,,False,False,False,False
843,1785.0,1000.0,2022-08-11,392,OK,2024-10-29,,2024-11-20,,False,False,False,False
844,1678.0,,,,,2024-10-29,,2024-11-15,,False,True,False,False
845,1696.0,1000.0,2022-08-11,400,,2024-10-29,,,,False,False,False,False
846,1815.0,4000.0,2022-08-25,401,NEED TO CLARIFY,2024-10-29,,2024-11-22,Lency,False,False,False,False
847,1773.0,9350.0,2022-08-31,403,10600 MF/PF/RT/S,2024-10-29,,,,False,False,False,False
848,1769.0,1000.0,2022-09-14,427,,2024-10-29,,,,False,False,False,False
849,1810.0,7000.0,2022-09-15,432,,2024-10-29,,2024-11-21,,False,False,False,False
850,1809.0,9000.0,2022-09-23,433,,2024-10-29,,,,False,False,False,False
851,1896.0,150.0,2022-09-27,434,,2024-10-29,,,,False,False,False,False
852,1686.0,10000.0,2022-09-27,435,,2024-10-29,,,,False,False,False,False
853,1897.0,10000.0,2022-09-27,437,,2024-10-29,,,,False,False,False,False
854,1667.0,500.0,2022-10-01,441,,2024-10-29,,,,False,False,False,False
855,1785.0,1000.0,2022-10-01,442,OK,2024-10-29,,2024-11-20,,False,False,False,False
856,1782.0,500.0,2022-10-01,444,OK,2024-10-29,,2024-11-20,,False,False,False,False
857,1667.0,500.0,2022-10-03,451,,2024-10-29,,,,False,False,False,False
858,1783.0,0.0,,,,2024-10-29,,,,False,False,True,False
859,1784.0,10000.0,2022-10-03,453,,2024-10-29,,,,False,False,False,False
860,1666.0,10000.0,2022-10-01,1456,,2024-10-29,,,,False,False,False,False
861,1685.0,10000.0,2022-10-01,1457,,2024-10-29,,,,False,False,False,False
862,1791.0,4000.0,2022-10-08,470,,2024-10-29,,,,False,False,False,False
863,1695.0,4000.0,2022-10-08,469,,2024-10-29,,,,False,False,False,False
864,1802.0,10000.0,2022-10-08,463,,2024-10-29,,,,False,False,False,False
865,1896.0,1250.0,2022-10-08,468,OK,2024-10-29,,2024-11-15,,False,False,False,False
866,1768.0,1150.0,2022-10-08,464,,2024-10-29,,,,False,False,False,False
867,1724.0,5000.0,2022-10-14,475,,2024-10-29,,,,False,False,False,False
868,1725.0,5000.0,2022-10-14,476,,2024-10-29,,,,False,False,False,False
869,1659.0,10000.0,2022-11-04,500,,2024-10-29,,,,False,False,False,False
870,1660.0,10000.0,2022-11-04,501,400 MF,2024-10-29,,2024-11-11,Michael,False,False,False,False
871,1681.0,10000.0,2022-11-04,503,,2024-10-29,,,,False,False,False,False
872,1682.0,10000.0,2022-11-04,502,,2024-10-29,,,,False,False,False,False
873,1679.0,1000.0,2022-12-21,600,,2024-10-30,,,,False,False,False,False
874,1762.0,0.0,,,,2024-10-30,,,,False,False,True,False
875,1679.0,400.0,2023-01-16,575,5000 - 400 sa processing fee,2024-10-30,,,,False,False,False,False
876,1689.0,750.0,2023-01-30,584,,2024-10-30,,,,False,False,False,False
877,1687.0,500.0,2022-10-08,466,,2024-10-30,,,,False,False,False,False
878,1687.0,1042.0,2023-01-30,586,,2024-10-30,,,,False,False,False,False
879,352.0,8500.0,2024-09-29,1261,,2024-10-30,,,,False,False,False,False
880,577.0,8500.0,2024-09-29,1262,,2024-10-30,,,,False,False,False,False
881,73.0,5000.0,2024-07-30,853,,2024-10-30,,,,False,False,False,False
882,552.0,500.0,2024-04-12,409,,2024-10-30,,,,False,False,False,False
883,324.0,500.0,2024-04-12,410,,2024-10-30,,,,False,False,False,False
884,333.0,500.0,2024-04-12,411,,2024-10-30,,,,False,False,False,False
885,317.0,1000.0,2024-04-12,413,,2024-10-30,,,,False,False,False,False
886,334.0,1000.0,2024-04-12,414,,2024-10-30,,,,False,False,False,False
887,357.0,1000.0,2024-04-12,416,,2024-10-30,,,,False,False,False,False
888,1951.0,10000.0,2024-05-08,421,,2024-10-30,,,,False,False,False,False
889,46.0,0.0,,,,2024-10-30,,,,False,False,True,False
890,534.0,2000.0,2024-05-14,436,,2024-10-30,,,,False,False,False,False
891,1881.0,,,,,2024-11-04,,,,False,True,False,False
892,583.0,1000.0,2023-07-09,014,,2024-11-04,,,,False,False,False,False
893,1879.0,500.0,2023-08-01,020,,2024-11-04,,,,False,False,False,False
894,323.0,5000.0,2023-08-30,021,,2024-11-04,,,,False,False,False,False
895,1849.0,2000.0,2023-09-08,043,,2024-11-04,,,,False,False,False,False
896,564.0,500.0,2024-04-12,412,,2024-11-04,,,,False,False,False,False
897,332.0,300.0,2024-04-12,415,,2024-11-04,,,,False,False,False,False
898,322.0,,,,,2024-11-05,,,,False,True,False,False
899,592.0,6500.0,2024-05-19,701,,2024-11-05,,,,False,False,False,False
900,563.0,9000.0,2024-05-19,702,,2024-11-05,,,,False,False,False,False
901,317.0,2700.0,2024-05-19,703,,2024-11-05,,,,False,False,False,False
902,334.0,500.0,2024-05-19,704,,2024-11-05,,,,False,False,False,False
903,357.0,7500.0,2024-05-19,705,,2024-11-05,,,,False,False,False,False
904,373.0,8500.0,2024-05-19,706,,2024-11-05,,,,False,False,False,False
905,370.0,8600.0,2024-05-19,707,,2024-11-05,,,,False,False,False,False
906,566.0,4500.0,2024-05-19,708,,2024-11-05,,,,False,False,False,False
907,570.0,8000.0,2024-05-19,709,,2024-11-05,,,,False,False,False,False
908,1839.0,10000.0,2024-05-19,710,,2024-11-05,,,,False,False,False,False
909,1852.0,10000.0,2024-05-19,711,,2024-11-05,,,,False,False,False,False
910,345.0,7000.0,2024-05-19,712,,2024-11-05,,,,False,False,False,False
911,355.0,8500.0,2024-05-19,713,,2024-11-05,,,,False,False,False,False
912,574.0,9000.0,2024-05-20,714,,2024-11-05,,,,False,False,False,False
913,555.0,9000.0,2024-05-23,715,,2024-11-05,,,,False,False,False,False
914,328.0,8500.0,2024-05-23,716,,2024-11-05,,,,False,False,False,False
915,580.0,7500.0,2024-05-23,717,,2024-11-05,,,,False,False,False,False
916,338.0,8000.0,2024-05-23,718,,2024-11-05,,,,False,False,False,False
917,346.0,9500.0,2024-05-23,719,,2024-11-05,,,,False,False,False,False
918,561.0,9000.0,2024-05-23,720,,2024-11-05,,,,False,False,False,False
919,1851.0,6400.0,2024-05-23,721,,2024-11-05,,,,False,False,False,False
920,554.0,9500.0,2024-05-23,722,,2024-11-05,,,,False,False,False,False
921,594.0,9300.0,2024-05-23,725,,2024-11-05,,,,False,False,False,False
922,582.0,9000.0,2024-05-23,727,,2024-11-05,,,,False,False,False,False
923,568.0,9500.0,2024-05-23,728,,2024-11-05,,,,False,False,False,False
924,595.0,9000.0,2024-05-23,729,,2024-11-05,,,,False,False,False,False
925,536.0,9000.0,2024-05-23,730,,2024-11-05,,,,False,False,False,False
926,1475.0,10000.0,2024-05-23,731,,2024-11-05,,,,False,False,False,False
927,1476.0,10000.0,2024-05-23,732,,2024-11-05,,,,False,False,False,False
928,1930.0,1000.0,2022-01-23,76,OK,2024-11-06,,2024-11-20,Lency,False,False,False,False
929,1765.0,1000.0,2022-01-23,78,,2024-11-06,,,,False,False,False,False
930,1702.0,,,,,2024-11-06,,,,False,True,False,False
931,1805.0,,,,,2024-11-06,,2024-11-21,,False,True,False,False
932,1672.0,300.0,2023-03-31,619,1700 TO M/A,2024-11-06,,2024-11-15,,False,False,False,False
933,1747.0,2000.0,2023-04-10,637,,2024-11-06,,,,False,False,False,False
934,1848.0,5000.0,2024-06-02,741,,2024-11-06,,,,False,False,False,False
935,1883.0,4000.0,2024-06-02,742,,2024-11-06,,,,False,False,False,False
936,1853.0,10000.0,2024-06-07,743,,2024-11-06,,,,False,False,False,False
937,1883.0,1000.0,2024-06-14,746,,2024-11-06,,,,False,False,False,False
938,1795.0,3000.0,2023-09-28,869,,2024-11-06,,,,False,False,False,False
939,1955.0,10000.0,2023-05-08,664,,2024-11-06,,,,False,False,False,False
940,1835.0,8000.0,2023-03-17,805,,2024-11-06,,,,False,False,False,False
941,1480.0,4000.0,2024-06-27,1059,,2024-11-07,,,,False,False,False,False
942,1719.0,,,,,2024-11-07,,2024-11-18,,False,True,False,False
943,1761.0,500.0,2022-01-23,75,500 FOR M.A,2024-11-07,,,,False,False,False,False
944,1705.0,1000.0,2022-02-21,96,300 SA MEMBERSHIP,2024-11-07,,,,False,False,False,False
945,1758.0,1000.0,2022-02-21,95,OK,2024-11-07,,2024-11-20,Lency,False,False,False,False
946,1695.0,500.0,2022-02-13,88,,2024-11-07,,,,False,False,False,False
947,1698.0,500.0,2022-02-13,87,,2024-11-07,,,,False,False,False,False
948,1906.0,500.0,2022-02-13,86,,2024-11-07,,,,False,False,False,False
949,1810.0,2000.0,2021-03-05,154,,2024-11-07,,2024-11-21,,False,False,False,False
950,1937.0,1000.0,2022-03-15,159,,2024-11-07,,,,False,False,False,False
951,57.0,,,,,2024-11-07,,,,False,True,False,False
952,47.0,4000.0,2024-08-27,1036,,2024-11-07,,,,False,False,False,False
953,1958.0,10000.0,2024-07-22,967,,2024-11-07,,,,False,False,False,False
954,562.0,2000.0,2024-01-19,222,,2024-11-08,,,,False,False,False,False
955,55.0,8000.0,2024-05-27,679,,2024-11-08,,,,False,False,False,False
956,1959.0,200.0,2024-06-23,10,,2024-11-08,,,,False,False,False,False
957,1841.0,1000.0,2023-08-04,23,,2024-11-08,,,,False,False,False,False
958,342.0,8500.0,2024-06-27,946,,2024-11-11,,,,False,False,False,False
959,342.0,1500.0,2024-07-30,780,7000 M.A,2024-11-11,,,,False,False,False,False
960,316.0,3000.0,2024-05-23,726,,2024-11-11,,,,False,False,False,False
961,1881.0,,,,,2024-11-11,,,,False,True,False,False
962,1881.0,,,,,2024-11-11,,,,False,True,False,False
963,1881.0,2000.0,2024-02-22,326,,2024-11-11,,,,False,False,False,False
964,1474.0,7000.0,2024-05-19,580,,2024-11-11,Lency,,,False,False,False,False
965,79.0,500.0,2024-01-17,200,,2024-11-12,,,,False,False,False,False
966,1676.0,1000.0,2021-11-16,175,,2024-11-14,,2024-11-14,,False,False,False,False
967,1678.0,1000.0,2022-02-13,,,2024-11-15,,2024-11-15,,False,False,False,False
968,1896.0,500.0,2022-11-03,494,OK,2024-11-15,,2024-11-15,,False,False,False,False
969,1901.0,,,,,2024-11-18,,2024-11-20,,False,True,False,False
970,1901.0,4500.0,2022-05-25,304,ok,2024-11-18,,2024-11-20,,False,False,False,False
971,1735.0,,,,,2024-11-20,Lency,2024-11-20,Lency,False,True,False,False
972,1711.0,10000.0,2023-05-08,668,"FP BLK 3 , LOT 38",2024-11-20,Lency,2024-11-20,Lency,False,False,False,False
973,1711.0,10000.0,2023-05-08,690,,2024-11-20,Lency,2024-11-20,Lency,False,False,False,False
974,1758.0,1000.0,2022-04-29,242,OK,2024-11-20,Lency,2024-11-20,Lency,False,False,False,False
975,1759.0,500.0,2018-05-21,,OK,2024-11-20,Lency,2024-11-20,Lency,False,False,False,False
976,1759.0,800.0,2022-01-23,053,OK,2024-11-20,Lency,2024-11-20,Lency,False,False,False,False
977,1831.0,10000.0,2024-06-07,639,LOT 13,2024-11-20,Lency,2024-11-20,Lency,False,False,False,False
