MEMBER ID,PICTURE,SEX,Mr Mrs,FIRSTNAME,LASTNAME,MIDDLE NAME,FULLNAMES,ADDRESS,PROJECT,DATE OF BIRTH,SOCIAL STATUS,MONTHLY INCOME,CONTACT NO,WAIVER OF RIGHTS,STATUS,NOTES,DATE ENCODED,ENCODED BY,FB LINK,PAID,BENEFICIARY PROFILE,BIRTH CERTIFICATE,REVERVATION AGREEMENT,ID PICTURE,SINUMPAANG SALAYSAY,MARRIAGE CERTIFICATE,OCCUPATION,RELIGION,MEMBERSHIP FEE,PROCESSING FEE,YEARS TO PAY 1,Date Creted,Creadted by,Date Updated,Updated By,Company Name,Office Address
45,,,, Jon,Yang ,K,,"Purok 8, Brgy. MEMBER ID, , FEMALE",MASAO,,Married,0,9405637432,FALSE,Active,"WALA, PA COTRATA, WALA DIN SA ACTUAL SURVEY LISTT",20/06/2024,Ricz Gasul,,FALSE,FALSE,FALSE,FALSE,FALSE,FALSE,FALSE,,,FALSE,FALSE,,,,13/11/2024,,,
46,,FEMALE,Mrs.,Eugene,Huang  ,Q,,"Purok 6, Brgy. 46, , ",MASAO,22/03/1983,Married,30000,9436511201,TRUE,Active,,20/06/2024,Ricz Gasul,,FALSE,TRUE,TRUE,TRUE,TRUE,FALSE,FALSE,,,FALSE,FALSE,,,,,,,
47,,MALE,Mr.,Ruben, Torres,D,,"Purok 8, Brgy. 49, , ",MASAO,01/08/1978,Married,12000,9930133788,TRUE,Active,,20/06/2024,Ricz Gasul,,FALSE,TRUE,FALSE,TRUE,TRUE,FALSE,TRUE,TRICYCLE DRIVER,CATHOLIC,TRUE,TRUE,,,,,,,
48,,MALE,Mr.,Christy,  Zhu,Y,,"Purok 10, Brgy. 46, , MALE",MASAO,03/04/1950,Married,50000,9152543723,TRUE,Active,,20/06/2024,Ricz Gasul,,FALSE,TRUE,FALSE,TRUE,TRUE,FALSE,TRUE,,RC,TRUE,TRUE,,,,,,,
49,,FEMALE,Mrs., Elizabeth,Johnson,H,,"Purok 12, Brgy. 49, , ",MASAO,04/06/1979,Married,10000,9761076026,TRUE,Active,,20/06/2024,Ricz Gasul,,FALSE,TRUE,TRUE,TRUE,TRUE,TRUE,FALSE,NONE,CATHOLIC,TRUE,TRUE,,,,,,,
50,,FEMALE,Mrs.,Julio,Ruiz,U,,"Purok 11, Brgy. 51, PICTURE, ",MASAO,30/11/1962,Single,0,9630012102,TRUE,Active,ANG LUPA DATI AY KAY TEOFILI ROMERO,20/06/2024,Ricz Gasul,,FALSE,TRUE,TRUE,TRUE,TRUE,TRUE,FALSE,,CATHOLIC,FALSE,FALSE,,,,,,,
51,,FEMALE,Mrs.,Janet,Alvarez,R,,"Purok 9, Brgy. 49, , FEMALE",MASAO,18/04/1952,Married,30000,9298731082,FALSE,InActive,,20/06/2024,Ricz Gasul,,FALSE,TRUE,TRUE,TRUE,TRUE,FALSE,TRUE,AFP SOLDIER,,FALSE,FALSE,,,,,,,
52,,FEMALE,Mrs.,Marco,Mehta,A,,"Purok 4, Brgy. 49, , MALE",MASAO,25/12/1984,Married,0,9932495766,FALSE,Active,,20/06/2024,Ricz Gasul,,FALSE,FALSE,TRUE,FALSE,TRUE,FALSE,FALSE,,,FALSE,FALSE,,,,,,,
53,,MALE,Mr.,Rob,Verhoff,Y,,"Purok 9, Brgy. 45, , ",MASAO,,Married,0,9312763053,FALSE,Active,,20/06/2024,Ricz Gasul,,FALSE,FALSE,FALSE,FALSE,FALSE,FALSE,FALSE,,,FALSE,FALSE,,,,,,,
54,,MALE,Mr.,Shannon,Carlson,X,,"Purok 2, Brgy. 47, , FEMALE",MASAO,19/12/1988,Single,15000,9494147209,TRUE,Active,,20/06/2024,Ricz Gasul,,FALSE,TRUE,TRUE,TRUE,TRUE,FALSE,FALSE,,CATHOLIC,TRUE,TRUE,,,,,,,
55,,MALE,Mr.,Jacquelyn,Suarez,F,,"Purok 5, Brgy. 48, , ",MASAO,23/10/1979,Single,0,9745102329,FALSE,Active,,20/06/2024,Ricz Gasul,,FALSE,FALSE,FALSE,FALSE,FALSE,FALSE,FALSE,,,FALSE,FALSE,,,,,,,
56,,FEMALE,Mrs.,Curtis,Lu,L,,"Purok 8, Brgy. 51, , SEX",MASAO,26/08/1955,Married,0,9660423995,FALSE,Active,,20/06/2024,Ricz Gasul,,FALSE,FALSE,FALSE,FALSE,FALSE,FALSE,FALSE,,,FALSE,FALSE,,,,,,,
57,,MALE,Mr.,  Lauren, Walker,L,,"Purok 9, Brgy. 47, , FEMALE",MASAO,02/06/1991,Single,22000,9597240665,FALSE,Active,,20/06/2024,Ricz Gasul,,FALSE,TRUE,TRUE,FALSE,FALSE,FALSE,FALSE,FACTORY WORKER,,FALSE,FALSE,,,,,,,
58,,FEMALE,Mrs., Ian , Jenkins ,U,,"Purok 7, Brgy. 45, , ",MASAO,,,,9823842826,FALSE,,,20/06/2024,Ricz Gasul,,FALSE,FALSE,FALSE,FALSE,FALSE,FALSE,FALSE,,,FALSE,FALSE,,,,13/11/2024,Michael,,
59,,FEMALE,Mrs.,Sydney,Bennett,B,,"Purok 1, Brgy. 47, , FEMALE",MASAO,20/04/2017,,0,9679779699,FALSE,Active,,20/06/2024,Ricz Gasul,#https://www.facebook.com/trinidad.ferol/photos#,FALSE,FALSE,FALSE,FALSE,FALSE,FALSE,FALSE,,,FALSE,FALSE,,,,,,,
60,,FEMALE,,  Chloe,Young,O,,"Purok 12, Brgy. 46, , FEMALE",MASAO,14/02/1970,Married,19800,9170611417,TRUE,Active,,20/06/2024,Ricz Gasul,,FALSE,TRUE,FALSE,TRUE,TRUE,FALSE,TRUE,MASON,,TRUE,TRUE,,,,,,,
61,,MALE,Mr.,Wyatt,Hill,R,,"Purok 10, Brgy. MEMBER ID, , SEX",MASAO,14/02/1979,Married,16000,9789400144,TRUE,Active,,20/06/2024,Ricz Gasul,,FALSE,TRUE,FALSE,TRUE,TRUE,FALSE,TRUE,FACTORY WORKER,CATHOLIC,TRUE,TRUE,,,,,,,
62,,MALE,Mr.,Shannon,Wang,L,,"Purok 5, Brgy. 45, , SEX",MASAO,12/04/1957,Married,15000,9377295902,TRUE,Active,,20/06/2024,Ricz Gasul,,FALSE,TRUE,TRUE,TRUE,TRUE,FALSE,TRUE,,,TRUE,TRUE,,,,,,,
63,,FEMALE,Mrs.,Clarence,Rai,J,,"Purok 4, Brgy. 50, , ",MASAO,26/02/1955,Single,0,9954006549,FALSE,Active,,20/06/2024,Ricz Gasul,,FALSE,FALSE,FALSE,FALSE,FALSE,FALSE,FALSE,,,FALSE,FALSE,,,,,,,
64,,FEMALE,Mrs.,Luke,Lal,E,,"Purok 11, Brgy. MEMBER ID, , FEMALE",MASAO,26/02/1955,Married,4000,9717923610,TRUE,Active,,20/06/2024,Ricz Gasul,,FALSE,TRUE,FALSE,TRUE,TRUE,FALSE,FALSE,,CATHOLIC,TRUE,TRUE,,,,,,,
65,,MALE,Mr.,Jordan,King,A,,"Purok 8, Brgy. 52, , MALE",MASAO,21/01/1965,Married,12000,9404348148,TRUE,Active,,20/06/2024,Ricz Gasul,,FALSE,TRUE,FALSE,TRUE,TRUE,TRUE,TRUE,,,TRUE,TRUE,,,,,,,
66,,FEMALE,Ms, Destiny,Wilson ,L,,"Purok 8, Brgy. 46, , MALE",MASAO,03/10/1991,,0,9538408496,FALSE,Active,,20/06/2024,Ricz Gasul,,FALSE,FALSE,FALSE,FALSE,FALSE,FALSE,FALSE,,,FALSE,FALSE,,,,13/11/2024,Michael,,
67,,FEMALE,Mrs.,Ethan,Zhang,P,,"Purok 1, Brgy. MEMBER ID, , FEMALE",MASAO,06/07/1970,Single,0,9805089875,TRUE,Active,,20/06/2024,Ricz Gasul,,FALSE,TRUE,TRUE,TRUE,TRUE,FALSE,FALSE,FACTORY WORKER,RIC,TRUE,TRUE,,,,,,,
68,,MALE,Mr.,Seth,Edwards,W,,"Purok 4, Brgy. MEMBER ID, , MALE",MASAO,31/03/2004,Married,13000,9777160149,TRUE,Active,,20/06/2024,Ricz Gasul,,FALSE,TRUE,TRUE,TRUE,FALSE,FALSE,TRUE,,,FALSE,FALSE,,,,,,,
69,,MALE,Mrs.,Russell,Xie,V,,"Purok 2, Brgy. 51, , ",MASAO,15/12/1959,,0,9179793623,FALSE,Active,,20/06/2024,Ricz Gasul,,FALSE,FALSE,FALSE,FALSE,TRUE,FALSE,TRUE,,,TRUE,TRUE,,,,,,,
70,,FEMALE,Ms,Alejandro,Beck,E,,"Purok 6, Brgy. 45, , MALE",MASAO,05/02/1975,Single,0,9148730317,FALSE,Active,,20/06/2024,Ricz Gasul,,FALSE,FALSE,FALSE,FALSE,FALSE,FALSE,FALSE,,,FALSE,FALSE,,,,,,,
71,,FEMALE,Ms,Harold,Sai,A,,"Purok 8, Brgy. 51, , MALE",MASAO,09/01/1975,,0,9230648474,FALSE,Active,,20/06/2024,Ricz Gasul,,FALSE,FALSE,FALSE,FALSE,FALSE,FALSE,FALSE,,,FALSE,FALSE,,,,,,,
72,,MALE,Mr.,Jessie,Zhao,E,,"Purok 5, Brgy. 46, , FEMALE",MASAO,10/07/1999,Married,22500,9991562865,TRUE,Active,,20/06/2024,Ricz Gasul,,FALSE,TRUE,TRUE,TRUE,TRUE,FALSE,TRUE,SEWER,CATHOLIC,TRUE,TRUE,,,,,,,
73,,MALE,Mr.,Jill,Jimenez,L,,"Purok 1, Brgy. 52, , MALE",MASAO,03/01/1993,Married,0,9606074434,FALSE,Active,,20/06/2024,Ricz Gasul,,FALSE,TRUE,TRUE,TRUE,TRUE,TRUE,TRUE,SELF EMPLOYED,CATHOLIC,FALSE,FALSE,,,,,,,
74,,MALE,Mr.,Jimmy,Moreno,H,,"Purok 7, Brgy. 50, PICTURE, ",MASAO,25/02/2002,,0,9941417374,FALSE,Active,"Mali ang date  ""2034"" compution sa HardCopy ng Contrata",20/06/2024,Ricz Gasul,,FALSE,FALSE,FALSE,FALSE,FALSE,FALSE,FALSE,,,FALSE,FALSE,,,,,,,
75,,FEMALE,Ms,Bethany,Yuan,A,,"Purok 1, Brgy. 50, , FEMALE",MASAO,05/02/1975,,0,9299964057,FALSE,Active,,20/06/2024,Ricz Gasul,#https://www.facebook.com/mhariesha#,FALSE,TRUE,TRUE,FALSE,FALSE,FALSE,FALSE,,,FALSE,FALSE,,,,,,,
76,,MALE,Mr.,Theresa,Ramos,Y,,"Purok 3, Brgy. 48, , FEMALE",MASAO,29/09/2001,Single,10000,9905906201,TRUE,Active,,20/06/2024,Ricz Gasul,,FALSE,TRUE,TRUE,TRUE,TRUE,TRUE,FALSE,,METODIST,TRUE,TRUE,,,,,,,
77,,MALE,Mr.,Denise,Stone,E,,"Purok 2, Brgy. 48, , SEX",MASAO,,,0,9911488835,FALSE,Active,,20/06/2024,Ricz Gasul,,FALSE,FALSE,FALSE,FALSE,FALSE,FALSE,FALSE,,,FALSE,FALSE,,,,,,,
78,,FEMALE,Ms,Jaime,Nath,H,,"Purok 3, Brgy. 47, PICTURE, FEMALE",MASAO,29/03/2000,Single,25000,9681377141,TRUE,Active,,20/06/2024,Ricz Gasul,#https://www.facebook.com/profile.php?id=100094908460667&sk=photos#,FALSE,TRUE,TRUE,TRUE,TRUE,FALSE,FALSE,SELF EMPLOYED,CATHOLIC,TRUE,TRUE,,,,,,,
79,,MALE,Mr.,Ebony,Gonzalez,E,,"Purok 6, Brgy. 52, , MALE",MASAO,09/11/1964,Widow,24000,9433244369,TRUE,Active,,20/06/2024,Ricz Gasul,,FALSE,TRUE,FALSE,TRUE,TRUE,TRUE,TRUE,MEAT VENDOR,CATHOLIC,TRUE,TRUE,,,,,,,
80,,MALE,Mr.,Wendy,Dominguez,T,,"Purok 1, Brgy. 47, , MALE",MASAO,09/06/1980,Married,25683,9294287522,TRUE,Active,"Hardcopy contract, 3,350 monthly amortization",20/06/2024,Ricz Gasul,,FALSE,TRUE,TRUE,TRUE,TRUE,FALSE,TRUE,,,FALSE,FALSE,,,,,,,
81,,FEMALE,Mrs.,Jennifer,Russell,C,,"Purok 9, Brgy. 47, , MALE",MASAO,09/11/1964,,0,9903409697,FALSE,Active,"7,833.33 hindi tugma ang computation sa computer monthly",20/06/2024,Ricz Gasul,,FALSE,FALSE,FALSE,FALSE,FALSE,FALSE,FALSE,,,FALSE,FALSE,,,,,,,
82,,MALE,Mr.,Chloe,Garcia,W,,"Purok 6, Brgy. 46, , FEMALE",MASAO,12/02/1964,Married,41500,9281768635,TRUE,Active,,20/06/2024,Ricz Gasul,,FALSE,TRUE,TRUE,TRUE,TRUE,FALSE,TRUE,CONSTRUCTION WAKER,PROTESTANTE,FALSE,FALSE,,,,,,,
83,,FEMALE,Ms,Diana,Hernandez,F,,"Purok 10, Brgy. 47, , FEMALE",MASAO,25/12/1976,,12000,9881327062,TRUE,Active,,20/06/2024,Ricz Gasul,,FALSE,TRUE,FALSE,TRUE,FALSE,FALSE,FALSE,,,FALSE,FALSE,,,,,,,
84,,MALE,Mr.,Marc,Martin,Y,,"Purok 4, Brgy. 51, PICTURE, ",MASAO,21/04/1986,Single,7500,9741147889,TRUE,Active,,20/06/2024,Ricz Gasul,,FALSE,TRUE,TRUE,TRUE,TRUE,FALSE,FALSE,,CATHOLIC,TRUE,TRUE,,,,,,,
85,,FEMALE,Ms,Jesse,Murphy,R,,"Purok 1, Brgy. 47, , MALE",MASAO,31/05/1991,,0,9102745702,FALSE,Active,,20/06/2024,Ricz Gasul,,FALSE,FALSE,FALSE,FALSE,FALSE,FALSE,FALSE,,,FALSE,FALSE,,,,,,,
86,,FEMALE,Ms,Amanda,Carter,K,,"Purok 3, Brgy. 48, , FEMALE",MASAO,31/05/1991,Single,13000,9733943350,FALSE,Active,,20/06/2024,Ricz Gasul,,FALSE,FALSE,FALSE,FALSE,TRUE,FALSE,FALSE,,CATHOLIC,TRUE,TRUE,,,,,,,
87,,MALE,Mr.,Megan,Sanchez,H,,"Purok 7, Brgy. 51, , FEMALE",MASAO,15/10/1955,Married,12000,9293151070,TRUE,Active,,20/06/2024,Ricz Gasul,,FALSE,TRUE,TRUE,TRUE,TRUE,FALSE,TRUE,SELF EMPLOYED,CATHOLIC,TRUE,TRUE,,,,,,,
88,,FEMALE,Mrs.,Nathan,Simmons,L,,"Purok 1, Brgy. 49, PICTURE, MALE",MASAO,02/12/1967,,0,9394890744,FALSE,Active,,20/06/2024,Ricz Gasul,,FALSE,FALSE,FALSE,FALSE,FALSE,FALSE,FALSE,,,FALSE,FALSE,,,,,,,
89,,FEMALE,Ms,Adam,Flores,A,,"Purok 6, Brgy. MEMBER ID, , SEX",MASAO,01/07/1958,,0,9491657792,FALSE,Active,,20/06/2024,Ricz Gasul,,FALSE,FALSE,FALSE,FALSE,FALSE,FALSE,FALSE,,,FALSE,FALSE,,,,,,,
90,,FEMALE,Ms,Leonard,Nara,U,,"Purok 3, Brgy. 47, , SEX",MASAO,27/01/1994,,0,9659183119,FALSE,Active,,20/06/2024,Ricz Gasul,,FALSE,FALSE,FALSE,FALSE,FALSE,FALSE,FALSE,,,FALSE,FALSE,,,,,,,
91,,FEMALE,Ms,Christine,Yuan,H,,"Purok 2, Brgy. 51, , ",MASAO,11/03/1977,Married,13000,9837081935,TRUE,Active,,20/06/2024,Ricz Gasul,,FALSE,TRUE,TRUE,TRUE,TRUE,TRUE,TRUE,FACTORY WORKER,,FALSE,FALSE,,,,,,,
92,,FEMALE,Mrs.,Jaclyn,Lu,E,,"Purok 4, Brgy. 48, , ",MASAO,22/01/1925,Married,11960,9755455192,TRUE,Active,,20/06/2024,Ricz Gasul,,FALSE,TRUE,TRUE,TRUE,TRUE,FALSE,TRUE,FACTORY WORKER,CATHOLIC,TRUE,TRUE,,,,,,,
93,,FEMALE,Mrs.,Jeremy,Powell,P,,"Purok 1, Brgy. MEMBER ID, , MALE",MASAO,28/11/1977,Married,15700,9572491952,TRUE,Active,,20/06/2024,Ricz Gasul,,FALSE,TRUE,TRUE,TRUE,TRUE,FALSE,TRUE,PENSIONER,CATHOLIC,TRUE,TRUE,,,,,,,
94,,MALE,Mr.,Carol,Rai,L,,"Purok 7, Brgy. 49, , MALE",MASAO,22/01/1975,,0,9748084834,FALSE,Active,,20/06/2024,Ricz Gasul,,FALSE,FALSE,FALSE,FALSE,FALSE,FALSE,FALSE,,,FALSE,FALSE,,,,,,,
95,,FEMALE,Ms,Alan,Zheng,H,,"Purok 5, Brgy. 51, , FEMALE",MASAO,,,0,9258736071,FALSE,Active,,20/06/2024,Ricz Gasul,,FALSE,FALSE,FALSE,FALSE,FALSE,FALSE,FALSE,,,FALSE,FALSE,,,,,,,
96,,FEMALE,Ms,Daniel,Johnson,B,,"Purok 2, Brgy. 49, , FEMALE",MASAO,20/04/1967,Married,15000,9734376770,TRUE,Active,,20/06/2024,Ricz Gasul,,FALSE,TRUE,TRUE,TRUE,TRUE,FALSE,TRUE,,,FALSE,FALSE,,,,,,,
97,,FEMALE,Mrs.,Heidi,Lopez,E,,"Purok 7, Brgy. 48, , ",MASAO,20/04/1969,,0,9899796959,FALSE,Active,,20/06/2024,Ricz Gasul,,FALSE,FALSE,FALSE,FALSE,FALSE,FALSE,FALSE,,,FALSE,FALSE,,,,,,,
98,,MALE,Mr.,Ana,Price,X,,"Purok 12, Brgy. MEMBER ID, , MALE",MASAO,14/02/1973,Married,30000,9202584440,TRUE,Active,,20/06/2024,Ricz Gasul,,FALSE,TRUE,FALSE,TRUE,TRUE,FALSE,TRUE,,CATHOLIC,FALSE,FALSE,,,,,,,
99,,FEMALE,Mr.,Deanna,Munoz,C,,"Purok 10, Brgy. MEMBER ID, , SEX",MASAO,13/07/1987,,0,9948975019,FALSE,Active,,20/06/2024,Ricz Gasul,,FALSE,FALSE,FALSE,FALSE,FALSE,FALSE,FALSE,,,FALSE,FALSE,,,,,,,
100,,FEMALE,Ms,Gilbert,Raje,P,,"Purok 6, Brgy. 53, , MALE",MASAO,22/12/1990,,0,9253136241,FALSE,Active,,20/06/2024,Ricz Gasul,,FALSE,FALSE,FALSE,FALSE,FALSE,FALSE,FALSE,,,FALSE,FALSE,,,,,,,
101,,MALE,Mr.,Michele,Nath,U,,"Purok 3, Brgy. 46, , SEX",MASAO,23/07/1975,Widow,23000,9287026057,FALSE,Active,,20/06/2024,Ricz Gasul,,FALSE,TRUE,FALSE,TRUE,FALSE,TRUE,FALSE,SECURITY GUARD,CATHOLIC,FALSE,FALSE,,,,,,,
103,,FEMALE,Ms,Carl,Andersen,R,,"Purok 10, Brgy. 48, , ",MASAO,02/12/1967,Married,20000,9856023272,TRUE,Active,,20/06/2024,Ricz Gasul,,FALSE,TRUE,TRUE,TRUE,TRUE,FALSE,TRUE,WATER REFILING OWNER,CATHOLIC,FALSE,FALSE,,,,,,,
312,,,,Marc,Diaz,F,,"Purok 10, Brgy. 46, , SEX",BANCASI,,N/A,0,9129644242,FALSE,Active,,28/06/2024,Ricz Gasul,,FALSE,FALSE,FALSE,FALSE,FALSE,FALSE,FALSE,,,FALSE,FALSE,,,,,,,
313,,,,Ashlee,Andersen,Z,,"Purok 9, Brgy. 48, , SEX",BANCASI,21/06/1989,Single,0,9425755608,FALSE,Active,,28/06/2024,Ricz Gasul,,FALSE,TRUE,TRUE,TRUE,TRUE,TRUE,FALSE,LGU MARIVELES,CATHOLIC,FALSE,TRUE,,,,25/11/2024,lency,,
315,,,,Jon,Zhou,S,,"Purok 9, Brgy. 47, , MALE",BANCASI,02/07/1974,Married,0,9111790878,FALSE,Active,,28/06/2024,Ricz Gasul,,TRUE,TRUE,TRUE,TRUE,TRUE,TRUE,FALSE,,CATHOLIC,FALSE,TRUE,,,,25/11/2024,lency,,
316,,,,Todd,Gao,F,,"Purok 9, Brgy. 46, , FEMALE",BANCASI,17/10/1960,Married,0,9692421689,FALSE,Active,,28/06/2024,Ricz Gasul,,FALSE,TRUE,TRUE,TRUE,TRUE,TRUE,TRUE,,,FALSE,FALSE,,,,25/11/2024,lency,,
317,,,,Noah,Powell,B,,"Purok 9, Brgy. MEMBER ID, , ",BANCASI,,N/A,0,9829249897,FALSE,Active,,28/06/2024,Ricz Gasul,,FALSE,FALSE,FALSE,FALSE,FALSE,FALSE,FALSE,,,FALSE,FALSE,,,,,,,
319,,,, Angela  , Murphy  ,N,,"Purok 4, Brgy. 49, , MALE",BANCASI,,N/A,0,9781787289,FALSE,Active,,28/06/2024,Ricz Gasul,,FALSE,FALSE,FALSE,FALSE,FALSE,FALSE,FALSE,,,FALSE,FALSE,,,,,,,
320,,,,Chase, Reed  ,F,,"Purok 3, Brgy. 45, , FEMALE",BANCASI,,Single,0,9988445864,FALSE,Active,,28/06/2024,Ricz Gasul,,FALSE,TRUE,TRUE,TRUE,TRUE,TRUE,FALSE,,,FALSE,FALSE,,,,25/11/2024,lency,,
322,,,,Jessica  ,Henderson ,I,,"Purok 8, Brgy. 50, , MALE",BANCASI,19/06/1979,N/A,0,9366349795,FALSE,Active,,28/06/2024,Ricz Gasul,,FALSE,FALSE,FALSE,FALSE,FALSE,FALSE,FALSE,,,FALSE,FALSE,,,,,,,
323,,,,Grace,  Butler,B,,"Purok 8, Brgy. 45, , MALE",BANCASI,,N/A,0,9211981083,FALSE,Active,,28/06/2024,Ricz Gasul,,FALSE,FALSE,FALSE,FALSE,FALSE,FALSE,FALSE,,,FALSE,FALSE,,,,,,,
324,,,, Caleb, Carter,Y,,"Purok 9, Brgy. 48, , ",BANCASI,,N/A,0,9305806827,FALSE,Active,,28/06/2024,Ricz Gasul,,FALSE,FALSE,FALSE,FALSE,FALSE,FALSE,FALSE,,,FALSE,FALSE,,,,,,,
326,,,,Tiffany,Liang,M,,"Purok 2, Brgy. 50, , FEMALE",BANCASI,,N/A,0,9612061695,FALSE,Active,,28/06/2024,Ricz Gasul,,FALSE,FALSE,FALSE,FALSE,FALSE,FALSE,FALSE,,,FALSE,FALSE,,,,,,,
327,,,,Carolyn,Navarro,L,,"Purok 1, Brgy. 52, , FEMALE",BANCASI,05/04/1979,Married,14780,9914781646,FALSE,Active,,28/06/2024,Ricz Gasul,,FALSE,TRUE,FALSE,TRUE,TRUE,FALSE,TRUE,FACTORY WORKER,CATHOLIC,FALSE,FALSE,,,,,,,
328,,,, Willie , Raji,Y,,"Purok 4, Brgy. MEMBER ID, , ",BANCASI,,N/A,0,9977363457,FALSE,Active,,28/06/2024,Ricz Gasul,,FALSE,FALSE,FALSE,FALSE,FALSE,FALSE,FALSE,,,FALSE,FALSE,,,,,,,
329,,,,Linda, Serrano,K,,"Purok 6, Brgy. 49, , SEX",BANCASI,,N/A,0,9564320378,FALSE,Active,,28/06/2024,Ricz Gasul,,FALSE,FALSE,FALSE,FALSE,FALSE,FALSE,FALSE,,,FALSE,FALSE,,,,,,,
330,,,,Casey,Luo,R,,"Purok 7, Brgy. 47, , SEX",BANCASI,,N/A,0,9566840428,FALSE,Active,,28/06/2024,Ricz Gasul,,FALSE,FALSE,FALSE,FALSE,FALSE,FALSE,FALSE,,,FALSE,FALSE,,,,,,,
332,,,,Amy,Ye,N,,"Purok 1, Brgy. 48, , MALE",BANCASI,28/07/1982,Single,0,9611143269,FALSE,InActive,,28/06/2024,Ricz Gasul,,FALSE,TRUE,TRUE,TRUE,TRUE,TRUE,FALSE,FACTORY WORKER,CATHOLIC,FALSE,FALSE,,,,25/11/2024,lency,,
333,,,,Levi,Arun,B,,"Purok 12, Brgy. 51, , MALE",BANCASI,20/05/1976,Married,20000,9627539048,FALSE,Active,,28/06/2024,Ricz Gasul,,FALSE,TRUE,TRUE,TRUE,TRUE,TRUE,TRUE,HOUSEWIFE,CATHOLIC,TRUE,TRUE,,,,25/11/2024,lency,,
334,,,,Felicia,Jimenez,S,,"Purok 7, Brgy. 52, , ",BANCASI,,N/A,0,9558100494,FALSE,Active,,28/06/2024,Ricz Gasul,,FALSE,FALSE,FALSE,FALSE,FALSE,FALSE,FALSE,,,FALSE,FALSE,,,,,,,
335,,,,Blake,Anderson,G,,"Purok 12, Brgy. 45, , MALE",BANCASI,,N/A,0,9631216212,FALSE,Active,,28/06/2024,Ricz Gasul,,FALSE,FALSE,FALSE,FALSE,FALSE,FALSE,FALSE,,,FALSE,FALSE,,,,,,,
336,,,,Leah,Ye,Y,,"Purok 8, Brgy. 49, , FEMALE",BANCASI,,Married,0,9951041362,FALSE,,,28/06/2024,Ricz Gasul,,FALSE,TRUE,TRUE,TRUE,TRUE,TRUE,TRUE,,,FALSE,FALSE,,,,25/11/2024,lency,,
337,,,,Gina,Martin,E,,"Purok 2, Brgy. 53, , MALE",BANCASI,,Married,0,9471576416,FALSE,Active,,28/06/2024,Ricz Gasul,,FALSE,TRUE,TRUE,TRUE,TRUE,TRUE,TRUE,,,FALSE,FALSE,,,,25/11/2024,lency,,
338,,,,Donald,Gonzalez,M,,"Purok 2, Brgy. 51, , ",BANCASI,,N/A,0,9266066081,FALSE,Active,,28/06/2024,Ricz Gasul,,FALSE,FALSE,FALSE,FALSE,FALSE,FALSE,FALSE,,,FALSE,FALSE,,,,,,,
339,,,,Damien,Chander,C,,"Purok 7, Brgy. 46, , MALE",BANCASI,,Married,0,9102980850,FALSE,InActive,,28/06/2024,Ricz Gasul,,FALSE,TRUE,TRUE,TRUE,TRUE,TRUE,TRUE,,,FALSE,FALSE,,,,25/11/2024,lency,,
340,,,,Savannah,Baker,S,,"Purok 6, Brgy. 52, PICTURE, MALE",BANCASI,,Married,0,9106910986,FALSE,InActive,,28/06/2024,Ricz Gasul,,FALSE,TRUE,TRUE,TRUE,TRUE,TRUE,TRUE,,,FALSE,FALSE,,,,25/11/2024,lency,,
341,,,,Angela,Butler,T,,"Purok 12, Brgy. 51, , ",BANCASI,,N/A,0,9103454132,FALSE,Active,,28/06/2024,Ricz Gasul,,FALSE,FALSE,FALSE,FALSE,FALSE,FALSE,FALSE,,,FALSE,FALSE,,,,,,,
342,,,,Alyssa,Cox,D,,"Purok 9, Brgy. 46, , MALE",BANCASI,,N/A,0,9510009725,FALSE,Active,,28/06/2024,Ricz Gasul,,FALSE,FALSE,FALSE,FALSE,FALSE,FALSE,FALSE,,,FALSE,FALSE,,,,,,,
344,,,,Lucas,Phillips,S,,"Purok 9, Brgy. 47, , ",BANCASI,,N/A,0,9198884505,FALSE,Active,,28/06/2024,Ricz Gasul,,FALSE,TRUE,TRUE,TRUE,TRUE,TRUE,TRUE,,,FALSE,TRUE,,,,25/11/2024,lency,,
345,,,,Emily,Johnson,F,,"Purok 1, Brgy. 46, PICTURE, ",BANCASI,,N/A,0,9650599117,FALSE,Active,,28/06/2024,Ricz Gasul,,FALSE,TRUE,TRUE,TRUE,TRUE,TRUE,FALSE,,,FALSE,FALSE,,,,25/11/2024,lency,,
346,,,,Ryan,  Brown,J,,"Purok 7, Brgy. 50, , ",BANCASI,,Married,0,9322252493,FALSE,Active,,28/06/2024,Ricz Gasul,,FALSE,TRUE,TRUE,TRUE,TRUE,TRUE,TRUE,,,FALSE,TRUE,,,,25/11/2024,lency,,
347,,,,Tamara, Liang,O,,"Purok 11, Brgy. 52, , MALE",BANCASI,28/05/1974,Married,0,9243617633,FALSE,Active,,28/06/2024,Ricz Gasul,,FALSE,TRUE,TRUE,TRUE,TRUE,TRUE,TRUE,DETAL TECH,IGLESIA NI CRISTO,FALSE,TRUE,,,,25/11/2024,lency,,
348,,,,Hunter,Davis,U,,"Purok 6, Brgy. 52, , FEMALE",BANCASI,,N/A,0,9620810239,FALSE,Active,,28/06/2024,Ricz Gasul,,FALSE,FALSE,FALSE,FALSE,FALSE,FALSE,FALSE,,,FALSE,FALSE,,,,,,,
349,,,,Abigail,Price,G,,"Purok 1, Brgy. 50, , MALE",BANCASI,16/10/1979,Married,30000,9478959306,FALSE,Active,,28/06/2024,Ricz Gasul,,FALSE,TRUE,TRUE,TRUE,TRUE,TRUE,TRUE,FARMER,CATHOLIC,FALSE,TRUE,,,,25/11/2024,lency,,
350,,,,Trevor,Bryant,K,,"Purok 3, Brgy. 48, , SEX",BANCASI,,N/A,0,9129464094,FALSE,Active,,28/06/2024,Ricz Gasul,,FALSE,TRUE,TRUE,TRUE,TRUE,TRUE,TRUE,,,FALSE,TRUE,,,,25/11/2024,lency,,
351,,,,Dalton,Perez,K,,"Purok 6, Brgy. 49, , FEMALE",BANCASI,,N/A,0,9866795112,FALSE,Active,,28/06/2024,Ricz Gasul,,FALSE,FALSE,FALSE,FALSE,FALSE,FALSE,FALSE,,,FALSE,FALSE,,,,,,,
352,,,,Cheryl,Diaz,T,,"Purok 9, Brgy. 52, , ",BANCASI,,N/A,0,9408021498,FALSE,Active,,28/06/2024,Ricz Gasul,,FALSE,TRUE,TRUE,TRUE,TRUE,TRUE,TRUE,,,TRUE,FALSE,,,,,,,
354,,,,Aimee,He,E,,"Purok 11, Brgy. MEMBER ID, , ",BANCASI,,N/A,0,9224376613,FALSE,Active,,28/06/2024,Ricz Gasul,,FALSE,FALSE,FALSE,FALSE,FALSE,FALSE,FALSE,,,FALSE,FALSE,,,,,,,
355,,,,Cedric,Ma,W,,"Purok 2, Brgy. 46, , ",BANCASI,,N/A,0,9638294448,FALSE,Active,,28/06/2024,Ricz Gasul,,FALSE,FALSE,FALSE,FALSE,FALSE,FALSE,FALSE,,,FALSE,FALSE,,,,,,,
356,,,,Chad,Kumar,X,,"Purok 12, Brgy. 46, , FEMALE",BANCASI,10/02/1969,Married,0,9979612686,FALSE,Active,,28/06/2024,Ricz Gasul,,FALSE,TRUE,TRUE,TRUE,TRUE,TRUE,TRUE,,CATHOLIC,TRUE,TRUE,,,,25/11/2024,lency,,
357,,,,Andrés,Anand,P,,"Purok 5, Brgy. 46, , SEX",BANCASI,,N/A,0,9598614255,FALSE,Active,,28/06/2024,Ricz Gasul,,FALSE,TRUE,TRUE,TRUE,TRUE,TRUE,FALSE,,,FALSE,TRUE,,,,25/11/2024,lency,,
358,,,,Edwin,Nara,T,,"Purok 9, Brgy. 51, , MALE",BANCASI,,N/A,0,9716064830,FALSE,Active,,28/06/2024,Ricz Gasul,,FALSE,FALSE,FALSE,FALSE,FALSE,FALSE,FALSE,,,FALSE,FALSE,,,,,,,
359,,,,Mallory,Rubio,V,,"Purok 5, Brgy. 46, , MALE",BANCASI,26/11/1978,Single,1,9565426116,FALSE,Active,,28/06/2024,Ricz Gasul,,FALSE,TRUE,FALSE,TRUE,TRUE,TRUE,FALSE,13000,CATHOLIC,FALSE,TRUE,,,,25/11/2024,lency,,
360,,,,Adam,Ross,B,,"Purok 9, Brgy. 53, , SEX",BANCASI,29/04/1975,Married,40000,9705281989,FALSE,Active,,28/06/2024,Ricz Gasul,,FALSE,TRUE,TRUE,FALSE,TRUE,FALSE,FALSE,SELF EMPLOYEE,CATHOLIC,FALSE,FALSE,,,,,,,
361,,,,Latasha,Navarro,L,,"Purok 7, Brgy. 51, , FEMALE",BANCASI,,N/A,0,9213246517,FALSE,InActive,,28/06/2024,Ricz Gasul,,FALSE,FALSE,FALSE,FALSE,FALSE,FALSE,FALSE,,,FALSE,FALSE,,,,,,,
362,,,,Abby,Sai,K,,"Purok 2, Brgy. 48, , ",BANCASI,,Married,0,9682685342,FALSE,Active,,28/06/2024,Ricz Gasul,,FALSE,TRUE,TRUE,TRUE,TRUE,TRUE,TRUE,,,FALSE,TRUE,,,,25/11/2024,lency,,
363,,,,Julia,Nelson,P,,"Purok 5, Brgy. 45, , FEMALE",BANCASI,,N/A,0,9350220905,FALSE,Active,,28/06/2024,Ricz Gasul,,FALSE,FALSE,FALSE,FALSE,FALSE,FALSE,FALSE,,,FALSE,FALSE,,,,,,,
364,,,,Cassie,Chande,N,,"Purok 5, Brgy. 46, , ",BANCASI,,N/A,0,9117810243,FALSE,Active,,28/06/2024,Ricz Gasul,,FALSE,FALSE,FALSE,FALSE,FALSE,FALSE,FALSE,,,FALSE,FALSE,,,,,,,
365,,,,Edgar,Sara,G,,"Purok 7, Brgy. 53, , ",BANCASI,,N/A,0,9504752681,FALSE,Active,,28/06/2024,Ricz Gasul,,FALSE,FALSE,FALSE,FALSE,FALSE,FALSE,FALSE,,,FALSE,FALSE,,,,,,,
366,,,,Candace,Fernandez,P,,"Purok 9, Brgy. 47, , ",BANCASI,,N/A,0,9264081820,FALSE,Active,,28/06/2024,Ricz Gasul,,FALSE,FALSE,FALSE,FALSE,FALSE,FALSE,FALSE,,,FALSE,FALSE,,,,,,,
367,,,,Jessie,Liu,R,,"Purok 10, Brgy. 47, , FEMALE",BANCASI,,N/A,0,9469496645,FALSE,Active,,28/06/2024,Ricz Gasul,,FALSE,FALSE,FALSE,FALSE,FALSE,FALSE,FALSE,,,FALSE,FALSE,,,,,,,
368,,,,Bianca,Lin,T,,"Purok 1, Brgy. 47, , ",BANCASI,,N/A,0,9897359545,FALSE,Active,,28/06/2024,Ricz Gasul,,FALSE,FALSE,FALSE,FALSE,FALSE,FALSE,FALSE,,,FALSE,FALSE,,,,,,,
369,,,,Kari,Alvarez,R,,"Purok 9, Brgy. 46, , MALE",BANCASI,,N/A,0,9628126030,FALSE,Active,,28/06/2024,Ricz Gasul,,FALSE,FALSE,FALSE,FALSE,FALSE,FALSE,FALSE,,,FALSE,FALSE,,,,,,,
370,,,, Ruben ,Kapoor ,N,,"Purok 7, Brgy. 49, , MALE",BANCASI,17/01/1983,Married,35000,9214098398,FALSE,Active,,28/06/2024,Ricz Gasul,,FALSE,TRUE,TRUE,TRUE,TRUE,FALSE,TRUE,SARI-SARI STORE,CATHOLIC,FALSE,TRUE,,,,25/11/2024,lency,,
371,,,,Curtis,Yang,G,,"Purok 1, Brgy. 46, , MALE",BANCASI,,N/A,0,9584934199,FALSE,Active,,28/06/2024,Ricz Gasul,,FALSE,FALSE,FALSE,FALSE,FALSE,FALSE,FALSE,,,FALSE,FALSE,,,,,,,
372,,,,Meredith,Gutierrez,Q,,"Purok 5, Brgy. 52, , MALE",BANCASI,,N/A,0,9807626188,FALSE,Active,,28/06/2024,Ricz Gasul,,FALSE,FALSE,FALSE,FALSE,FALSE,FALSE,FALSE,,,FALSE,FALSE,,,,,,,
373,,,,Crystal,Wang,K,,"Purok 1, Brgy. 46, , MALE",BANCASI,,Married,0,9288855592,FALSE,Active,,28/06/2024,Ricz Gasul,,FALSE,TRUE,TRUE,TRUE,TRUE,TRUE,TRUE,,,FALSE,TRUE,,,,25/11/2024,lency,,
485,,,,Micheal,Blanco,J,,"Purok 6, Brgy. 50, , ",None,,,0,9389817651,FALSE,InActive,,18/07/2024,Ricz Gasul,,FALSE,FALSE,FALSE,FALSE,FALSE,FALSE,FALSE,,,FALSE,FALSE,,,,,,,
498,,,,Leslie,Moreno,X,,"Purok 10, Brgy. 47, , SEX",MASAO,04/01/1979,,14000,9732041146,FALSE,InActive,,31/07/2024,Ricz Gasul,,FALSE,TRUE,TRUE,TRUE,TRUE,FALSE,TRUE,,,FALSE,FALSE,,,,,,,
499,,,,Alvin,Cai,I,,"Purok 4, Brgy. 51, , MALE",MASAO,,Married,0,9981560197,FALSE,Active,,31/07/2024,Ricz Gasul,,FALSE,TRUE,TRUE,TRUE,TRUE,TRUE,TRUE,,,TRUE,TRUE,,,,25/11/2024,lency,,
501,,,,Clinton,Carlson,M,,"Purok 10, Brgy. 53, , MALE",MASAO,22/08/1979,Married,52000,9165075454,TRUE,,,31/07/2024,Ricz Gasul,,FALSE,TRUE,TRUE,TRUE,TRUE,FALSE,TRUE,,,FALSE,FALSE,,,,,,,
502,,,,April,Deng,T,,"Purok 3, Brgy. 53, , MALE",MASAO,,,0,9923062495,FALSE,,,31/07/2024,Ricz Gasul,,FALSE,FALSE,FALSE,FALSE,FALSE,FALSE,FALSE,,,FALSE,FALSE,,,,,,,
504,,,,Alvin,Zeng,D,,"Purok 10, Brgy. 51, , ",MASAO,23/05/1977,Married,17000,9268978719,FALSE,,,31/07/2024,Ricz Gasul,,FALSE,TRUE,TRUE,TRUE,FALSE,FALSE,FALSE,,,FALSE,FALSE,,,,,,,
505,,,,Evan,James,M,,"Purok 2, Brgy. 51, , MALE",MASAO,15/11/1963,Married,23000,9118737880,TRUE,,,01/08/2024,Ricz Gasul,,FALSE,TRUE,TRUE,TRUE,TRUE,FALSE,TRUE,AGRICULTURE,CATHOLIC,TRUE,TRUE,,,,,,,
506,,,,Beth,Jiménez,C,,"Purok 9, Brgy. 49, , SEX",MASAO,15/11/2005,Single,10000,9959177266,TRUE,,DAUTHER OF MRS.CARAZON L. SANTOS,01/08/2024,Ricz Gasul,,FALSE,TRUE,TRUE,TRUE,TRUE,FALSE,FALSE,ONLINE SELLER,IGLESIA NI CRISTO,FALSE,FALSE,,,,,,,
507,,,,Orlando,Suarez,T,,"Purok 11, Brgy. MEMBER ID, , SEX",MASAO,27/06/1974,Married,25000,9740403041,FALSE,,,01/08/2024,Ricz Gasul,,FALSE,TRUE,FALSE,FALSE,TRUE,TRUE,TRUE,FISHING BOAT ONWER,CATHOLIC,TRUE,FALSE,,,,,,,
508,,,,Byron,Vazquez,M,,"Purok 9, Brgy. 49, , MALE",MASAO,24/05/1981,Single,20000,9197087402,TRUE,,,01/08/2024,Ricz Gasul,,FALSE,TRUE,TRUE,TRUE,TRUE,FALSE,FALSE,OFW,CATHOLIC,TRUE,TRUE,,,,,,,
509,,,,Philip,Alvarez,G,,"Purok 12, Brgy. 47, , SEX",MASAO,28/04/1989,Married,20000,9552930204,TRUE,Active,,01/08/2024,Ricz Gasul,,FALSE,TRUE,FALSE,TRUE,TRUE,FALSE,TRUE,MAINTENANCE,CATHOLIC,FALSE,FALSE,,,,,,,
510,,,,Ross,Jordan,U,,"Purok 10, Brgy. 49, PICTURE, MALE",MASAO,,Widow,0,9194969073,FALSE,,,01/08/2024,Ricz Gasul,,FALSE,FALSE,FALSE,FALSE,TRUE,FALSE,TRUE,,,TRUE,TRUE,,,,,,BETTER LIVING URBAN SERVICES FOUNDATION INC.,
512,,,,Dana,Navarro,Q,,"Purok 12, Brgy. 45, , MALE",None,,,0,9522367970,FALSE,,,01/08/2024,Ricz Gasul,,FALSE,FALSE,FALSE,FALSE,FALSE,FALSE,FALSE,,,FALSE,FALSE,,,,,,,
513,,,,Shaun,Carson,Y,,"Purok 8, Brgy. 52, , MALE",None,,,0,9834248339,FALSE,,,01/08/2024,Ricz Gasul,,FALSE,FALSE,FALSE,FALSE,FALSE,FALSE,FALSE,,,FALSE,FALSE,,,,,,,
514,,,,Jan,Edwards,U,,"Purok 1, Brgy. 46, , MALE",None,,,0,9585652818,FALSE,,,01/08/2024,Ricz Gasul,,FALSE,FALSE,FALSE,FALSE,FALSE,FALSE,FALSE,,,FALSE,FALSE,,,,,,,
515,,,,Samantha,Long,E,,"Purok 9, Brgy. 48, , ",None,,,0,9707181885,FALSE,,,01/08/2024,Ricz Gasul,,FALSE,FALSE,FALSE,FALSE,FALSE,FALSE,FALSE,,,FALSE,FALSE,,,,,,,
516,,,,Julia,Wright,X,,"Purok 4, Brgy. 46, PICTURE, SEX",None,,,0,9905704890,FALSE,,,01/08/2024,Ricz Gasul,,FALSE,FALSE,FALSE,FALSE,FALSE,FALSE,FALSE,,,FALSE,FALSE,,,,,,,
517,,,,Caroline,Russell,Z,,"Purok 9, Brgy. 48, , ",None,,,0,9385778342,FALSE,,,01/08/2024,Ricz Gasul,,FALSE,FALSE,FALSE,FALSE,FALSE,FALSE,FALSE,,,FALSE,FALSE,,,,,,,
518,,,,Amanda,Rivera,C,,"Purok 5, Brgy. 45, , FEMALE",MASAO,,,0,9800814262,FALSE,,,01/08/2024,Ricz Gasul,,FALSE,FALSE,FALSE,FALSE,FALSE,FALSE,FALSE,,,FALSE,FALSE,,,,,,,
519,,,,Melissa,Richardson,M,,"Purok 2, Brgy. 48, , MALE",MASAO,,,0,9566860311,FALSE,,,01/08/2024,Ricz Gasul,,FALSE,FALSE,FALSE,FALSE,FALSE,FALSE,FALSE,,,FALSE,FALSE,,,,,,,
520,,,,Angela,Griffin,C,,"Purok 9, Brgy. 50, , MALE",MASAO,,,0,9891307932,FALSE,,,01/08/2024,Ricz Gasul,,FALSE,TRUE,TRUE,TRUE,TRUE,TRUE,FALSE,,,TRUE,TRUE,,,,,,,
530,,,,Larry,Townsend,B,,"Purok 1, Brgy. 49, , MALE",MASAO,,,0,9859494105,FALSE,,,01/08/2024,Ricz Gasul,,FALSE,FALSE,FALSE,FALSE,FALSE,FALSE,FALSE,,,FALSE,FALSE,,,,,,,
532,,,,Marcus,Harris,K,,"Purok 12, Brgy. 50, , FEMALE",MASAO,21/03/1980,Married,15000,9195699664,FALSE,,,01/08/2024,Ricz Gasul,,FALSE,TRUE,TRUE,TRUE,TRUE,FALSE,FALSE,"MASON, CARPENTER",CATHOLIC,FALSE,FALSE,,,,,,,
533,,,,Brianna,Morgan,V,,"Purok 3, Brgy. 46, , FEMALE",MASAO,,,0,9826028740,FALSE,,,01/08/2024,Ricz Gasul,,FALSE,TRUE,FALSE,FALSE,FALSE,FALSE,FALSE,,,FALSE,FALSE,,,,,,,
534,,,,Jasmine,Taylor,C,,"Purok 4, Brgy. 53, PICTURE, MALE",MASAO,,,0,9165718616,FALSE,,,01/08/2024,Ricz Gasul,,FALSE,FALSE,FALSE,FALSE,FALSE,FALSE,FALSE,,,FALSE,FALSE,,,,,,,
535,,FEMALE,,Lauren,Davis,S,,"Purok 1, Brgy. MEMBER ID, , SEX",,,,0,9852741244,FALSE,,,02/08/2024,Ricz Gasul,,FALSE,FALSE,FALSE,FALSE,FALSE,FALSE,FALSE,,,FALSE,FALSE,,,,,,,
536,,,,Tanya,Moreno,R,,"Purok 3, Brgy. MEMBER ID, , SEX",BANCASI,,,0,9735748498,FALSE,,,05/08/2024,Ricz Gasul,,FALSE,FALSE,FALSE,FALSE,FALSE,FALSE,FALSE,,,FALSE,FALSE,,,,,,,
537,,,, Javier ,Alvarez,D,,"Purok 1, Brgy. 53, , MALE",MASAO,,,0,9307660657,FALSE,,,05/08/2024,Ricz Gasul,,FALSE,FALSE,FALSE,FALSE,FALSE,FALSE,FALSE,,,FALSE,FALSE,,,,,,,
539,,,, Nicole,Ramirez,X,,"Purok 9, Brgy. 48, , ",MASAO,,,0,9789237448,FALSE,,,05/08/2024,Ricz Gasul,,FALSE,FALSE,FALSE,FALSE,FALSE,FALSE,FALSE,,,FALSE,FALSE,,,,,,,
540,,,,Eduardo,Patterson,R,,"Purok 8, Brgy. 52, , MALE",MASAO,12/12/1965,Widow,17000,9407766959,FALSE,,,06/08/2024,Ricz Gasul,,FALSE,TRUE,TRUE,TRUE,TRUE,FALSE,FALSE,MUNICIPAL,CATHOLIC,TRUE,FALSE,,,,,,,
541,,,,Jonathan,Henderson,Z,,"Purok 5, Brgy. 47, , MALE",MASAO,27/10/1972,Single,0,9776875578,FALSE,,,06/08/2024,Ricz Gasul,,FALSE,TRUE,TRUE,TRUE,TRUE,TRUE,FALSE,TRICYCLE DRIVER,CATHOLIC,FALSE,FALSE,,,,,,,
542,,,,Edward,Hernandez,U,,"Purok 7, Brgy. 45, , MALE",MASAO,,,0,9326132962,FALSE,,,06/08/2024,Ricz Gasul,,FALSE,FALSE,FALSE,FALSE,FALSE,FALSE,FALSE,,,FALSE,FALSE,,,,,,,
543,,,,Jasmine,Coleman,Z,,"Purok 6, Brgy. 48, , MALE",MASAO,,,0,9273360754,FALSE,,,06/08/2024,Ricz Gasul,,FALSE,FALSE,FALSE,FALSE,FALSE,FALSE,FALSE,,,FALSE,FALSE,,,,,,,
544,,,,Karla,Goel,E,,"Purok 9, Brgy. MEMBER ID, , ",MASAO,27/04/1980,Married,11000,9600396713,FALSE,,,06/08/2024,Ricz Gasul,,FALSE,TRUE,TRUE,TRUE,TRUE,FALSE,TRUE,FACTORY WORKER,CATHOLIC,FALSE,FALSE,,,,,,,
547,,,,Ernest,Wu,G,,"Purok 5, Brgy. 51, , FEMALE",MASAO,,,0,9730019997,FALSE,,,08/08/2024,Ricz Gasul,,FALSE,FALSE,FALSE,FALSE,FALSE,FALSE,FALSE,,,FALSE,FALSE,,,,13/11/2024,Michael,BETTER LIVING URBAN SERVICES FOUNDATION INC.,"MARIAH P. BUILDING, NATIONAL ROAD, BRGY. CAPITANGAN, ABUCAY, BATAAN"
548,,,,Ross,Vazquez,D,,"Purok 2, Brgy. 52, , FEMALE",BANCASI,28/07/1969,Married,20000,9635645450,FALSE,,,08/08/2024,Ricz Gasul,,FALSE,TRUE,FALSE,TRUE,TRUE,FALSE,TRUE,AULOGID THE BALINGIT,JW,TRUE,FALSE,,,,,,,
549,,,,Theodore,Gill,D,,"Purok 2, Brgy. 45, , SEX",BANCASI,,,0,9613100736,FALSE,,,08/08/2024,Ricz Gasul,,FALSE,FALSE,FALSE,FALSE,FALSE,FALSE,FALSE,,,FALSE,FALSE,,,,,,,
550,,,,Russell,Shen,S,,"Purok 5, Brgy. 45, , SEX",BANCASI,,,0,9232479316,FALSE,,,08/08/2024,Ricz Gasul,,FALSE,FALSE,FALSE,FALSE,FALSE,FALSE,FALSE,,,FALSE,FALSE,,,,,,,
551,,,,Melinda,Gill,L,,"Purok 10, Brgy. 50, , MALE",BANCASI,,,0,9773992953,FALSE,,,08/08/2024,Ricz Gasul,,FALSE,FALSE,FALSE,FALSE,FALSE,FALSE,FALSE,,,FALSE,FALSE,,,,,,,
552,,,,James,Williams,P,,"Purok 7, Brgy. 46, , FEMALE",BANCASI,,,0,9807019902,FALSE,,,08/08/2024,Ricz Gasul,,FALSE,FALSE,FALSE,FALSE,FALSE,FALSE,FALSE,,,FALSE,FALSE,,,,,,,
553,,,,Angela,James,J,,"Purok 10, Brgy. MEMBER ID, , MALE",BANCASI,,,0,9393880987,FALSE,,,08/08/2024,Ricz Gasul,,FALSE,FALSE,FALSE,FALSE,FALSE,FALSE,FALSE,,,FALSE,FALSE,,,,,,,
554,,,,Megan,Walker,F,,"Purok 2, Brgy. 45, , MALE",BANCASI,,,0,9118848753,FALSE,,,08/08/2024,Ricz Gasul,,FALSE,FALSE,FALSE,FALSE,FALSE,FALSE,FALSE,,,FALSE,FALSE,,,,,,,
555,,,,Hunter,Robinson,R,,"Purok 3, Brgy. 48, , FEMALE",BANCASI,,,0,9336517774,FALSE,,,08/08/2024,Ricz Gasul,,FALSE,FALSE,FALSE,FALSE,FALSE,FALSE,FALSE,,,FALSE,FALSE,,,,,,,
556,,,,Maria,Roberts,U,,"Purok 11, Brgy. 50, , MALE",BANCASI,,,0,9247837699,FALSE,,,08/08/2024,Ricz Gasul,,FALSE,FALSE,FALSE,FALSE,FALSE,FALSE,FALSE,,,FALSE,FALSE,,,,,,,
557,,,,Hannah,Long,K,,"Purok 5, Brgy. 47, , FEMALE",BANCASI,,,0,9373264592,FALSE,,,08/08/2024,Ricz Gasul,,FALSE,FALSE,FALSE,FALSE,FALSE,FALSE,FALSE,,,FALSE,FALSE,,,,,,,
561,,,,Jason,Wright,X,,"Purok 8, Brgy. 53, , MALE",BANCASI,,,0,9810128603,FALSE,,,08/08/2024,Ricz Gasul,,FALSE,FALSE,FALSE,FALSE,FALSE,FALSE,FALSE,,,FALSE,FALSE,,,,,,,
562,,,,Brianna,Hughes,E,,"Purok 5, Brgy. 48, , MALE",BANCASI,,,0,9569835668,FALSE,,,08/08/2024,Ricz Gasul,,FALSE,FALSE,FALSE,FALSE,FALSE,FALSE,FALSE,,,FALSE,FALSE,,,,,,,
563,,,,Maurice,Tang,I,,"Purok 7, Brgy. 49, PICTURE, MALE",BANCASI,,,0,9541501826,FALSE,,,08/08/2024,Ricz Gasul,,FALSE,TRUE,TRUE,TRUE,TRUE,TRUE,TRUE,,,FALSE,TRUE,,,,25/11/2024,lency,,
564,,,,Emily,Wood,B,,"Purok 3, Brgy. 46, PICTURE, FEMALE",BANCASI,28/04/1982,Married,30000,9293291306,FALSE,Active,,08/08/2024,Ricz Gasul,,FALSE,TRUE,TRUE,TRUE,TRUE,TRUE,TRUE,OFW,CATHOLIC,FALSE,FALSE,,,,25/11/2024,lency,,
565,,,,Chase,Cox,Z,,"Purok 9, Brgy. 46, , MALE",BANCASI,,Married,0,9637079478,FALSE,Active,,08/08/2024,Ricz Gasul,,FALSE,TRUE,TRUE,TRUE,TRUE,TRUE,TRUE,,,FALSE,FALSE,,,,25/11/2024,lency,,
566,,,,Gabriel,Wang,I,,"Purok 3, Brgy. MEMBER ID, , SEX",BANCASI,,,0,9635602526,FALSE,,,08/08/2024,Ricz Gasul,,FALSE,FALSE,FALSE,FALSE,FALSE,FALSE,FALSE,,,FALSE,FALSE,,,,,,,
567,,,,Devin,Brooks,Z,,"Purok 5, Brgy. 50, , ",BANCASI,,Married,0,9841272263,FALSE,Active,,08/08/2024,Ricz Gasul,,FALSE,TRUE,TRUE,TRUE,TRUE,TRUE,TRUE,,,FALSE,FALSE,,,,25/11/2024,lency,,
568,,,,Jocelyn,Alexander,R,,"Purok 6, Brgy. 50, , ",BANCASI,17/06/1982,Single,20000,9812881084,FALSE,Active,,08/08/2024,Ricz Gasul,,FALSE,TRUE,TRUE,TRUE,TRUE,TRUE,FALSE,FACTORY WORKER,CATHOLIC,TRUE,TRUE,,,,25/11/2024,lency,,
569,,,,Ashley,Martinez,D,,"Purok 12, Brgy. 52, , MALE",BANCASI,,,0,9225512323,FALSE,,,08/08/2024,Ricz Gasul,,FALSE,FALSE,FALSE,FALSE,FALSE,FALSE,FALSE,,,FALSE,FALSE,,,,,,,
570,,,,Jasmine, Barnes,O,,"Purok 5, Brgy. 51, , SEX",BANCASI,,Married,0,9411719895,FALSE,Active,,08/08/2024,Ricz Gasul,,FALSE,TRUE,TRUE,TRUE,TRUE,TRUE,TRUE,,,FALSE,TRUE,,,,25/11/2024,lency,,
571,,,,David, Rodriguez,H,,"Purok 12, Brgy. 49, , SEX",BANCASI,,,0,9314570093,FALSE,Active,,08/08/2024,Ricz Gasul,,FALSE,TRUE,TRUE,TRUE,TRUE,TRUE,TRUE,,,FALSE,TRUE,,,,25/11/2024,lency,BETTER LIVING URBAN SERVICES FOUNDATION INC.,"MARIAH P. BUILDING, NATIONAL ROAD, BRGY. CAPITANGAN, ABUCAY, BATAAN"
572,,,,Bryce,Richardson,H,,"Purok 1, Brgy. 49, PICTURE, MALE",BANCASI,,Married,0,9216884661,FALSE,,,08/08/2024,Ricz Gasul,,FALSE,TRUE,TRUE,TRUE,TRUE,TRUE,TRUE,,,FALSE,FALSE,,,,25/11/2024,lency,,
573,,,,Carol, Howard,P,,"Purok 11, Brgy. 47, , ",BANCASI,,,0,9360879635,FALSE,,,08/08/2024,Ricz Gasul,,FALSE,TRUE,TRUE,TRUE,TRUE,TRUE,TRUE,,,FALSE,TRUE,,,,25/11/2024,lency,,
574,,,,Jonathan,Hill,Q,,"Purok 5, Brgy. 52, , MALE",BANCASI,,Married,0,9440266098,FALSE,Active,,08/08/2024,Ricz Gasul,,FALSE,TRUE,TRUE,TRUE,TRUE,TRUE,TRUE,,,FALSE,TRUE,,,,25/11/2024,lency,,
575,,,,Gabrielle,Adams,B,,"Purok 12, Brgy. 48, , ",BANCASI,,Married,0,9163342911,FALSE,Active,,08/08/2024,Ricz Gasul,,FALSE,TRUE,TRUE,TRUE,TRUE,TRUE,TRUE,,,FALSE,TRUE,,,,25/11/2024,lency,,
577,,,,Sarah,Thomas,H,,"Purok 11, Brgy. 53, , SEX",BANCASI,16/12/1988,Single,0,9613478369,FALSE,Active,,08/08/2024,Ricz Gasul,,FALSE,TRUE,TRUE,TRUE,TRUE,TRUE,FALSE,,CATHOLIC,FALSE,TRUE,,,,25/11/2024,lency,,
578,,,,Nicholas,Robinson,T,,"Purok 10, Brgy. 46, , SEX",BANCASI,,Married,0,9876491915,FALSE,Active,,08/08/2024,Ricz Gasul,,FALSE,TRUE,TRUE,TRUE,TRUE,TRUE,TRUE,,,FALSE,FALSE,,,,25/11/2024,lency,,
579,,,,Luis,Wang,U,,"Purok 9, Brgy. 47, , ",BANCASI,30/09/1995,Single,0,9517399536,FALSE,Active,,08/08/2024,Ricz Gasul,,FALSE,FALSE,TRUE,FALSE,TRUE,FALSE,TRUE,,,FALSE,FALSE,,,,25/11/2024,lency,,
580,,,,Mason,Roberts,F,,"Purok 9, Brgy. 47, , FEMALE",BANCASI,,Single,0,9732384934,FALSE,Active,,08/08/2024,Ricz Gasul,,FALSE,TRUE,TRUE,TRUE,TRUE,TRUE,FALSE,,,FALSE,TRUE,,,,25/11/2024,lency,,
581,,,,Jose,Flores,Y,,"Purok 5, Brgy. MEMBER ID, , FEMALE",BANCASI,,,0,9609089846,FALSE,,,08/08/2024,Ricz Gasul,,FALSE,TRUE,TRUE,TRUE,TRUE,TRUE,FALSE,,,TRUE,FALSE,,,,25/11/2024,lency,,
582,,,,Nathan,Johnson,C,,"Purok 2, Brgy. 52, , ",BANCASI,,,0,9636370990,FALSE,,,08/08/2024,Ricz Gasul,,FALSE,FALSE,FALSE,FALSE,FALSE,FALSE,FALSE,,,FALSE,FALSE,,,,,,,
583,,,,Molly,Rodriguez,J,,"Purok 11, Brgy. 48, , MALE",BANCASI,,Single,0,9246740740,FALSE,Active,,08/08/2024,Ricz Gasul,,FALSE,TRUE,TRUE,TRUE,TRUE,TRUE,FALSE,,,FALSE,TRUE,,,,25/11/2024,lency,,
584,,,,April,Anand,A,,"Purok 4, Brgy. MEMBER ID, , FEMALE",BANCASI,,,0,9146327296,FALSE,,,08/08/2024,Ricz Gasul,,FALSE,FALSE,FALSE,FALSE,FALSE,FALSE,FALSE,,,FALSE,FALSE,,,,,,,
585,,,,Devin,Martin,W,,"Purok 8, Brgy. MEMBER ID, , SEX",BANCASI,,Married,0,9389103405,FALSE,Active,,08/08/2024,Ricz Gasul,,FALSE,TRUE,TRUE,TRUE,TRUE,TRUE,TRUE,,,FALSE,FALSE,,,,25/11/2024,lency,,
586,,,,Stephanie,Torres,C,,"Purok 3, Brgy. 53, , MALE",MASAO,,,0,9112294650,FALSE,,,08/08/2024,Ricz Gasul,,FALSE,TRUE,TRUE,TRUE,TRUE,TRUE,FALSE,,,FALSE,FALSE,,,,,,,
587,,,,Jasmine,Lee,U,,"Purok 9, Brgy. 51, , ",BANCASI,,,,9514412081,FALSE,,,08/08/2024,Ricz Gasul,,FALSE,FALSE,FALSE,FALSE,FALSE,FALSE,FALSE,,,FALSE,FALSE,,,,13/11/2024,Michael,BETTER LIVING URBAN SERVICES FOUNDATION INC.,"MARIAH P. BUILDING, NATIONAL ROAD, BRGY. CAPITANGAN, ABUCAY, BATAAN"
588,,,,Meghan,Hernandez,Z,,"Purok 7, Brgy. 50, , ",BANCASI,,,0,9943934804,FALSE,,,08/08/2024,Ricz Gasul,,FALSE,FALSE,FALSE,FALSE,FALSE,FALSE,FALSE,,,FALSE,FALSE,,,,,,,
590,,,,Ashley,Henderson,Z,,"Purok 1, Brgy. 47, , ",BANCASI,07/08/1983,Married,20000,9910673958,FALSE,,,08/08/2024,Ricz Gasul,,FALSE,TRUE,FALSE,TRUE,TRUE,FALSE,TRUE,VENDOR,,FALSE,FALSE,,,,,,,
591,,,,Sarah,Price,Z,,"Purok 3, Brgy. MEMBER ID, , FEMALE",BANCASI,,,0,9534789818,FALSE,,,08/08/2024,Ricz Gasul,,FALSE,TRUE,TRUE,TRUE,TRUE,TRUE,TRUE,,,FALSE,TRUE,,,,22/11/2024,lency,,
592,,,,Jennifer,Cooper,P,,"Purok 7, Brgy. 47, , MALE",BANCASI,,Married,0,9872202365,FALSE,Active,,08/08/2024,Ricz Gasul,,FALSE,TRUE,TRUE,TRUE,TRUE,TRUE,TRUE,,,FALSE,TRUE,,,,25/11/2024,lency,,
594,,,,Catherine,Morris,G,,"Purok 6, Brgy. 48, , MALE",BANCASI,,,0,9390944929,FALSE,,,08/08/2024,Ricz Gasul,,FALSE,FALSE,FALSE,FALSE,FALSE,FALSE,FALSE,,,FALSE,FALSE,,,,,,,
595,,,,Lawrence,Blanco,C,,"Purok 1, Brgy. 53, , FEMALE",BANCASI,12/07/1970,Married,25000,9365991656,FALSE,,,08/08/2024,Ricz Gasul,,FALSE,TRUE,TRUE,TRUE,TRUE,FALSE,TRUE,DRIVER,BORN AGAIN CHRISTIAN,FALSE,FALSE,,,,,,,
596,,,,Carson,Bryant,D,,"Purok 2, Brgy. 49, , FEMALE",BANCASI,,,0,9422901392,FALSE,,,08/08/2024,Ricz Gasul,,FALSE,FALSE,FALSE,FALSE,FALSE,FALSE,FALSE,,,FALSE,FALSE,,,,,,,
597,,,,Kristi,Perez,B,,"Purok 9, Brgy. 49, , FEMALE",BANCASI,15/11/1972,,0,9331716666,FALSE,,,08/08/2024,Ricz Gasul,,FALSE,FALSE,FALSE,FALSE,TRUE,FALSE,FALSE,,,FALSE,FALSE,,,,,,,
1471,,,,James,Brown,N,,"Purok 10, Brgy. 47, PICTURE, MALE",BANCASI,,,0,9246188160,FALSE,,,08/08/2024,Ricz Gasul,,FALSE,FALSE,FALSE,FALSE,FALSE,FALSE,FALSE,,,FALSE,FALSE,,,,,,,
1472,,,,Ian,Gray,M,,"Purok 2, Brgy. 46, , ",BANCASI,,,0,9311326235,FALSE,,,08/08/2024,Ricz Gasul,,FALSE,FALSE,FALSE,FALSE,FALSE,FALSE,FALSE,,,FALSE,FALSE,,,,,,,
1473,,,,Jacqueline,Price,U,,"Purok 7, Brgy. MEMBER ID, , MALE",BANCASI,,,0,9983120369,FALSE,,,08/08/2024,Ricz Gasul,,FALSE,FALSE,FALSE,FALSE,FALSE,FALSE,FALSE,,,FALSE,FALSE,,,,,,,
1474,,,,Megan,Henderson,N,,"Purok 6, Brgy. MEMBER ID, , SEX",BANCASI,,,0,9207170397,FALSE,,,08/08/2024,Ricz Gasul,,FALSE,FALSE,FALSE,FALSE,FALSE,FALSE,FALSE,,,FALSE,FALSE,,,,,,,
1475,,,,Alfredo,Romero,X,,"Purok 5, Brgy. 47, , MALE",BANCASI,,,0,9695251923,FALSE,,,08/08/2024,Ricz Gasul,,TRUE,FALSE,FALSE,FALSE,FALSE,FALSE,FALSE,,,FALSE,FALSE,,,,,,,
1476,,,,Andrea,Morris,J,,"Purok 6, Brgy. 46, , ",BANCASI,,,0,9499441247,FALSE,,,08/08/2024,Ricz Gasul,,TRUE,FALSE,FALSE,FALSE,FALSE,FALSE,FALSE,,,FALSE,FALSE,,,,,,,
1478,,,,Brooke,Sanders,A,,"Purok 4, Brgy. 52, , SEX",MASAO,,,0,9994769894,FALSE,,,08/08/2024,Ricz Gasul,,FALSE,FALSE,FALSE,FALSE,FALSE,FALSE,FALSE,,,FALSE,FALSE,,,,,,,
1480,,,,Jacqueline,Bennett,B,,"Purok 3, Brgy. 53, , SEX",MASAO,22/09/1994,,0,9325812789,FALSE,,"UNCERTAIN, NO CONTRACT, WALA SA MARTERLIST",12/08/2024,Ricz Gasul,,FALSE,FALSE,TRUE,FALSE,TRUE,FALSE,FALSE,,,TRUE,TRUE,,,,,,,
1658,,,,Jason,Griffin,O,,"Purok 2, Brgy. 53, , ",RIZAL,,,0,9712203203,FALSE,,,12/08/2024,Ricz Gasul,,FALSE,FALSE,FALSE,FALSE,FALSE,FALSE,FALSE,,,FALSE,FALSE,,,,,,,
1659,,,,Amanda,Foster,N,,"Purok 12, Brgy. 51, , FEMALE",RIZAL,,,0,9285247732,FALSE,,,12/08/2024,Ricz Gasul,,FALSE,FALSE,FALSE,FALSE,FALSE,FALSE,FALSE,,,FALSE,FALSE,,,,18/11/2024,,,
1660,,,,Alexia,Price,J,,"Purok 9, Brgy. 50, , SEX",RIZAL,,,0,9304088976,FALSE,,,12/08/2024,Ricz Gasul,,FALSE,FALSE,FALSE,FALSE,FALSE,FALSE,FALSE,,,FALSE,FALSE,,,,,,,
1661,,,,Luis,Diaz,Q,,"Purok 9, Brgy. 45, PICTURE, FEMALE",RIZAL,,,0,9789132743,FALSE,,,12/08/2024,Ricz Gasul,,FALSE,FALSE,FALSE,FALSE,FALSE,FALSE,FALSE,,,FALSE,FALSE,,,,,,,
1662,,,,Destiny,Rivera,P,,"Purok 11, Brgy. 50, , FEMALE",RIZAL,,,0,9202148987,FALSE,,,12/08/2024,Ricz Gasul,,FALSE,FALSE,FALSE,FALSE,FALSE,FALSE,FALSE,,,FALSE,FALSE,,,,,,,
1663,,,,Abby,Fernandez,H,,"Purok 11, Brgy. 53, , SEX",RIZAL,,,0,9842001901,FALSE,,,12/08/2024,Ricz Gasul,,FALSE,FALSE,FALSE,FALSE,FALSE,FALSE,FALSE,,,FALSE,FALSE,,,,,,BETTER LIVING URBAN SERVICES FOUNDATION INC.,"MARIAH P. BUILDING, NATIONAL ROAD, BRGY. CAPITANGAN, ABUCAY, BATAAN"
1664,,,,Blake, Flores ,A,,"Purok 1, Brgy. 49, , MALE",RIZAL,,,0,9503504361,FALSE,,,12/08/2024,Ricz Gasul,,FALSE,FALSE,FALSE,FALSE,FALSE,FALSE,FALSE,,,FALSE,FALSE,,,,,,,
1665,,,,Danielle,Cox,K,,"Purok 11, Brgy. 45, , MALE",RIZAL,,,0,9763086592,FALSE,,,12/08/2024,Ricz Gasul,,FALSE,FALSE,FALSE,FALSE,FALSE,FALSE,FALSE,,,FALSE,FALSE,,,,,,,
1666,,,, Maria , Reed,G,,"Purok 1, Brgy. 53, , ",RIZAL,,,0,9201397908,FALSE,,,12/08/2024,Ricz Gasul,,FALSE,FALSE,FALSE,FALSE,FALSE,FALSE,FALSE,,,FALSE,FALSE,,,,,,,
1667,,,, Allison ,Evans,J,,"Purok 5, Brgy. 47, , ",RIZAL,,,0,9755545791,FALSE,,,12/08/2024,Ricz Gasul,,FALSE,FALSE,FALSE,FALSE,FALSE,FALSE,FALSE,,,FALSE,FALSE,,,,,,,
1668,,,,Edward,Wood,S,,"Purok 1, Brgy. 47, , SEX",RIZAL,,,0,9869722470,FALSE,,,12/08/2024,Ricz Gasul,,FALSE,FALSE,FALSE,FALSE,FALSE,FALSE,FALSE,,,FALSE,FALSE,,,,14/11/2024,,,
1669,,,,Samantha,Russell,C,,"Purok 7, Brgy. MEMBER ID, , MALE",RIZAL,,,0,9302640958,FALSE,,,12/08/2024,Ricz Gasul,,FALSE,FALSE,FALSE,FALSE,FALSE,FALSE,FALSE,,,FALSE,FALSE,,,,,,,
1671,,,,Chloe,Campbell,B,,"Purok 3, Brgy. 52, , FEMALE",RIZAL,,,0,9712027047,FALSE,,,12/08/2024,Ricz Gasul,,FALSE,FALSE,FALSE,FALSE,FALSE,FALSE,FALSE,,,FALSE,FALSE,,,,,,,
1672,,,,Stephanie,Murphy,R,,"Purok 11, Brgy. 46, , ",RIZAL,,,0,9867139777,FALSE,,,12/08/2024,Ricz Gasul,,FALSE,FALSE,FALSE,FALSE,FALSE,FALSE,FALSE,,,FALSE,FALSE,,,,,,,
1673,,,,Charles,Miller,R,,"Purok 9, Brgy. 49, , ",RIZAL,,,0,9188541185,FALSE,,,12/08/2024,Ricz Gasul,,FALSE,FALSE,FALSE,FALSE,FALSE,FALSE,FALSE,,,FALSE,FALSE,,,,,,,
1674,,,,Ana,Perry,F,,"Purok 1, Brgy. 46, , FEMALE",RIZAL,,,0,9706262331,FALSE,,,12/08/2024,Ricz Gasul,,FALSE,FALSE,FALSE,FALSE,FALSE,FALSE,FALSE,,,FALSE,FALSE,,,,,,,
1675,,,,Jasmine,Torres,Z,,"Purok 5, Brgy. 47, , MALE",RIZAL,,,0,9911807855,FALSE,,,12/08/2024,Ricz Gasul,,FALSE,FALSE,FALSE,FALSE,FALSE,FALSE,FALSE,,,FALSE,FALSE,,,,,,,
1676,,,,Natalie,Adams,T,,"Purok 5, Brgy. 45, , MALE",RIZAL,,,0,9589173532,FALSE,,,12/08/2024,Ricz Gasul,,FALSE,FALSE,FALSE,FALSE,FALSE,FALSE,FALSE,,,FALSE,FALSE,,,,,,,
1677,,,,Olivia,Brown,O,,"Purok 10, Brgy. 49, , ",RIZAL,,,0,9875589923,FALSE,,,12/08/2024,Ricz Gasul,,FALSE,FALSE,FALSE,FALSE,FALSE,FALSE,FALSE,,,FALSE,FALSE,,,,,,,
1678,,,,Charles,Cook,A,,"Purok 11, Brgy. 46, , SEX",RIZAL,,,0,9152944741,FALSE,,,12/08/2024,Ricz Gasul,,FALSE,FALSE,FALSE,FALSE,FALSE,FALSE,FALSE,,,FALSE,FALSE,,,,,,,
1679,,,,Erica,Huang,Z,,"Purok 3, Brgy. 45, , MALE",RIZAL,,,0,9284687549,FALSE,,,12/08/2024,Ricz Gasul,,FALSE,FALSE,FALSE,FALSE,FALSE,FALSE,FALSE,,,FALSE,FALSE,,,,,,,
1681,,,,Nathan,Perry,Y,,"Purok 11, Brgy. 46, , MALE",RIZAL,,,0,9148442112,FALSE,,,12/08/2024,Ricz Gasul,,FALSE,FALSE,FALSE,FALSE,FALSE,FALSE,FALSE,,,FALSE,FALSE,,,,,,,
1682,,,,Alexandra,Rivera,A,,"Purok 10, Brgy. 53, , FEMALE",RIZAL,,,0,9952342451,FALSE,,,12/08/2024,Ricz Gasul,,FALSE,FALSE,FALSE,FALSE,FALSE,FALSE,FALSE,,,FALSE,FALSE,,,,,,,
1683,,,,Hailey,Patterson,F,,"Purok 6, Brgy. 46, , MALE",RIZAL,,,0,9611625213,FALSE,,,12/08/2024,Ricz Gasul,,FALSE,FALSE,FALSE,FALSE,FALSE,FALSE,FALSE,,,FALSE,FALSE,,,,,,,
1684,,,,Tiffany,Li,K,,"Purok 2, Brgy. 50, , FEMALE",RIZAL,,,0,9602538500,FALSE,,,12/08/2024,Ricz Gasul,,FALSE,FALSE,FALSE,FALSE,FALSE,FALSE,FALSE,,,FALSE,FALSE,,,,,,,
1685,,,,Madison,Lee,W,,"Purok 11, Brgy. 47, , MALE",RIZAL,,,0,9127760618,FALSE,,,12/08/2024,Ricz Gasul,,FALSE,FALSE,FALSE,FALSE,FALSE,FALSE,FALSE,,,FALSE,FALSE,,,,,,,
1686,,,,Sydney,Ross,M,,"Purok 12, Brgy. 45, , MALE",RIZAL,,,0,9375727876,FALSE,,,12/08/2024,Ricz Gasul,,FALSE,FALSE,FALSE,FALSE,FALSE,FALSE,FALSE,,,FALSE,FALSE,,,,,,,
1687,,,,Marshall,Chavez,J,,"Purok 1, Brgy. 48, , FEMALE",RIZAL,,,0,9901446215,FALSE,,,12/08/2024,Ricz Gasul,,FALSE,FALSE,FALSE,FALSE,FALSE,FALSE,FALSE,,,FALSE,FALSE,,,,,,,
1689,,,,Ashley,Jones,K,,"Purok 1, Brgy. 53, , MALE",RIZAL,,,0,9709882636,FALSE,,,12/08/2024,Ricz Gasul,,FALSE,FALSE,FALSE,FALSE,FALSE,FALSE,FALSE,,,FALSE,FALSE,,,,,,,
1690,,,, Adrian ,Stewart,Q,,"Purok 5, Brgy. 49, , FEMALE",RIZAL,,,0,9817963717,FALSE,,,12/08/2024,Ricz Gasul,,FALSE,FALSE,FALSE,FALSE,FALSE,FALSE,FALSE,,,FALSE,FALSE,,,,,,,
1693,,,,Amber,Turner,U,,"Purok 10, Brgy. 45, , FEMALE",RIZAL,,,0,9424288684,FALSE,,,12/08/2024,Ricz Gasul,,FALSE,FALSE,FALSE,FALSE,FALSE,FALSE,FALSE,,,FALSE,FALSE,,,,,,,
1694,,,,Dennis,Zhang,R,,"Purok 9, Brgy. 50, , ",RIZAL,,,0,9880347151,FALSE,,,12/08/2024,Ricz Gasul,,FALSE,FALSE,FALSE,FALSE,FALSE,FALSE,FALSE,,,FALSE,FALSE,,,,,,,
1695,,,,Hailey,Bryant,L,,"Purok 5, Brgy. 51, , SEX",RIZAL,,,0,9234172031,FALSE,,,12/08/2024,Ricz Gasul,,FALSE,FALSE,FALSE,FALSE,FALSE,FALSE,FALSE,,,FALSE,FALSE,,,,,,,
1696,,,,Todd,Li,C,,"Purok 3, Brgy. 46, , MALE",RIZAL,,,0,9884831018,FALSE,,,12/08/2024,Ricz Gasul,,FALSE,FALSE,FALSE,FALSE,FALSE,FALSE,FALSE,,,FALSE,FALSE,,,,,,,
1697,,,,Anna,Griffin,L,,"Purok 8, Brgy. 48, , FEMALE",RIZAL,,,0,9951940779,FALSE,,,12/08/2024,Ricz Gasul,,FALSE,FALSE,FALSE,FALSE,FALSE,FALSE,FALSE,,,FALSE,FALSE,,,,,,,
1698,,,,Angel,Stewart,W,,"Purok 10, Brgy. 46, , SEX",RIZAL,,,0,9306901755,FALSE,,,12/08/2024,Ricz Gasul,,FALSE,FALSE,FALSE,FALSE,FALSE,FALSE,FALSE,,,FALSE,FALSE,,,,,,,
1699,,,,Jeremy,Butler,C,,"Purok 12, Brgy. 52, , MALE",RIZAL,,,0,9253245994,FALSE,,,12/08/2024,Ricz Gasul,,FALSE,FALSE,FALSE,FALSE,FALSE,FALSE,FALSE,,,FALSE,FALSE,,,,,,,
1700,,,,Clarence,Anand,U,,"Purok 7, Brgy. 49, , MALE",RIZAL,,,0,9298030069,FALSE,,,12/08/2024,Ricz Gasul,,FALSE,FALSE,FALSE,FALSE,FALSE,FALSE,FALSE,,,FALSE,FALSE,,,,,,,
1701,,,,Mayra,Prasad,R,,"Purok 6, Brgy. 48, , MALE",RIZAL,,,0,9678759264,FALSE,,,12/08/2024,Ricz Gasul,,FALSE,FALSE,FALSE,FALSE,FALSE,FALSE,FALSE,,,FALSE,FALSE,,,,,,,
1702,,,,Latoya,Goel,G,,"Purok 11, Brgy. 50, , MALE",RIZAL,,,0,9659708959,FALSE,,,12/08/2024,Ricz Gasul,,FALSE,FALSE,FALSE,FALSE,FALSE,FALSE,FALSE,,,FALSE,FALSE,,,,,,,
1703,,,,Anne,Hernandez,H,,"Purok 6, Brgy. 50, , MALE",RIZAL,,,0,9813230284,FALSE,,,12/08/2024,Ricz Gasul,,FALSE,FALSE,FALSE,FALSE,FALSE,FALSE,FALSE,,,FALSE,FALSE,,,,,,,
1704,,,,Lisa,Cai,V,,"Purok 12, Brgy. 49, , SEX",RIZAL,,,0,9463947552,FALSE,,,12/08/2024,Ricz Gasul,,FALSE,FALSE,FALSE,FALSE,FALSE,FALSE,FALSE,,,FALSE,FALSE,,,,,,,
1705,,,,Larry,Munoz,B,,"Purok 10, Brgy. 47, , MALE",RIZAL,,,0,9149450063,FALSE,,,12/08/2024,Ricz Gasul,,FALSE,FALSE,FALSE,FALSE,FALSE,FALSE,FALSE,,,FALSE,FALSE,,,,,,,
1706,,,,Robin,Alvarez,Y,,"Purok 4, Brgy. 50, PICTURE, MALE",RIZAL,,,0,9125542116,FALSE,,,12/08/2024,Ricz Gasul,,FALSE,FALSE,FALSE,FALSE,FALSE,FALSE,FALSE,,,FALSE,FALSE,,,,,,,
1707,,,,Alexis,Coleman,G,,"Purok 10, Brgy. 48, , ",RIZAL,,,0,9273065458,FALSE,,,12/08/2024,Ricz Gasul,,FALSE,FALSE,FALSE,FALSE,FALSE,FALSE,FALSE,,,FALSE,FALSE,,,,,,,
1708,,,,Ricky,Vazquez,T,,"Purok 12, Brgy. 52, , MALE",RIZAL,,,0,9203818540,FALSE,,,12/08/2024,Ricz Gasul,,FALSE,FALSE,FALSE,FALSE,FALSE,FALSE,FALSE,,,FALSE,FALSE,,,,,,,
1709,,,,Latasha,Rubio,M,,"Purok 2, Brgy. 46, , MALE",RIZAL,,,0,9761736815,FALSE,,,12/08/2024,Ricz Gasul,,FALSE,FALSE,FALSE,FALSE,FALSE,FALSE,FALSE,,,FALSE,FALSE,,,,,,,
1710,,,,Claudia,Zhou,X,,"Purok 9, Brgy. 45, , ",RIZAL,,,0,9379619384,FALSE,,,12/08/2024,Ricz Gasul,,FALSE,FALSE,FALSE,FALSE,FALSE,FALSE,FALSE,,,FALSE,FALSE,,,,,,,
1711,,,,Tristan,Alexander,Q,,"Purok 8, Brgy. MEMBER ID, , ",RIZAL,,,0,9514691892,FALSE,,,12/08/2024,Ricz Gasul,,FALSE,FALSE,FALSE,FALSE,FALSE,FALSE,FALSE,,,FALSE,FALSE,,,,,,,
1714,,,,Cindy,Patel,Q,,"Purok 2, Brgy. 52, , FEMALE",RIZAL,,,0,9294716429,FALSE,,,12/08/2024,Ricz Gasul,,FALSE,FALSE,FALSE,FALSE,FALSE,FALSE,FALSE,,,FALSE,FALSE,,,,,,,
1718,,,,Shannon,Liu,W,,"Purok 2, Brgy. 47, , MALE",RIZAL,,,0,9197786687,FALSE,,,12/08/2024,Ricz Gasul,,FALSE,FALSE,FALSE,FALSE,FALSE,FALSE,FALSE,,,FALSE,FALSE,,,,,,,
1719,,,,Xavier,Long,F,,"Purok 2, Brgy. 53, , MALE",RIZAL,,,0,9415500543,FALSE,,,12/08/2024,Ricz Gasul,,FALSE,FALSE,FALSE,FALSE,FALSE,FALSE,FALSE,,,FALSE,FALSE,,,,,,,
1720,,,,Nicholas,Thompson,I,,"Purok 10, Brgy. 48, , MALE",RIZAL,,,0,9156169271,FALSE,,,12/08/2024,Ricz Gasul,,FALSE,FALSE,FALSE,FALSE,FALSE,FALSE,FALSE,,,FALSE,FALSE,,,,,,,
1721,,,,José,Hernandez,K,,"Purok 8, Brgy. 52, , SEX",RIZAL,,,0,9196145686,FALSE,,,12/08/2024,Ricz Gasul,,FALSE,FALSE,FALSE,FALSE,FALSE,FALSE,FALSE,,,FALSE,FALSE,,,,,,,
1722,,,,Johnathan,Vance,K,,"Purok 7, Brgy. 53, , FEMALE",RIZAL,,,0,9341931134,FALSE,,,12/08/2024,Ricz Gasul,,FALSE,FALSE,FALSE,FALSE,FALSE,FALSE,FALSE,,,FALSE,FALSE,,,,,,,
1724,,,,Colin,Lin,V,,"Purok 3, Brgy. 51, , FEMALE",RIZAL,,,0,9319335272,FALSE,,,12/08/2024,Ricz Gasul,,FALSE,FALSE,FALSE,FALSE,FALSE,FALSE,FALSE,,,FALSE,FALSE,,,,,,,
1725,,,,Katelyn,Hernandez,M,,"Purok 10, Brgy. 50, , MALE",RIZAL,,,0,9132471174,FALSE,,,12/08/2024,Ricz Gasul,,FALSE,FALSE,FALSE,FALSE,FALSE,FALSE,FALSE,,,FALSE,FALSE,,,,,,,
1726,,,,Jacqueline,Powell,Q,,"Purok 3, Brgy. 50, , MALE",RIZAL,,,0,9325918093,FALSE,,,12/08/2024,Ricz Gasul,,FALSE,FALSE,FALSE,FALSE,FALSE,FALSE,FALSE,,,FALSE,FALSE,,,,,,,
1727,,,,Xavier,Hill,K,,"Purok 6, Brgy. 50, , MALE",RIZAL,,,0,9161879537,FALSE,,,12/08/2024,Ricz Gasul,,FALSE,FALSE,FALSE,FALSE,FALSE,FALSE,FALSE,,,FALSE,FALSE,,,,,,,
1728,,,,Victoria  ,Stewart,E,,"Purok 3, Brgy. 49, PICTURE, FEMALE",RIZAL,,,0,9821891038,FALSE,,,12/08/2024,Ricz Gasul,,FALSE,FALSE,FALSE,FALSE,FALSE,FALSE,FALSE,,,FALSE,FALSE,,,,,,,
1729,,,,Katelyn,Kelly,Z,,"Purok 1, Brgy. 51, , MALE",RIZAL,,,0,9845500547,FALSE,,,12/08/2024,Ricz Gasul,,FALSE,FALSE,FALSE,FALSE,FALSE,FALSE,FALSE,,,FALSE,FALSE,,,,,,,
1730,,,,Stephanie,Collins,O,,"Purok 7, Brgy. 51, PICTURE, ",RIZAL,,,0,9903008650,FALSE,,,12/08/2024,Ricz Gasul,,FALSE,FALSE,FALSE,FALSE,FALSE,FALSE,FALSE,,,FALSE,FALSE,,,,,,,
1731,,,,Jennifer,Simmons,K,,"Purok 1, Brgy. 52, , SEX",RIZAL,,,0,9833764002,FALSE,,,12/08/2024,Ricz Gasul,,FALSE,FALSE,FALSE,FALSE,FALSE,FALSE,FALSE,,,FALSE,FALSE,,,,,,,
1732,,,,Trinity,Richardson,J,,"Purok 1, Brgy. 50, , SEX",RIZAL,,,0,9499812939,FALSE,,,12/08/2024,Ricz Gasul,,FALSE,FALSE,FALSE,FALSE,FALSE,FALSE,FALSE,,,FALSE,FALSE,,,,,,,
1733,,,,Eduardo,Martin,O,,"Purok 8, Brgy. 47, , MALE",RIZAL,,,0,9127091037,FALSE,,,12/08/2024,Ricz Gasul,,FALSE,FALSE,FALSE,FALSE,FALSE,FALSE,FALSE,,,FALSE,FALSE,,,,,,,
1735,,,,Elizabeth,Jones,P,,"Purok 11, Brgy. 45, , MALE",RIZAL,,,0,9473642214,FALSE,,,12/08/2024,Ricz Gasul,,FALSE,FALSE,FALSE,FALSE,FALSE,FALSE,FALSE,,,FALSE,FALSE,,,,,,,
1737,,,,Taylor,Howard,I,,"Purok 9, Brgy. 50, , SEX",RIZAL,,,0,9123616272,FALSE,,,12/08/2024,Ricz Gasul,,FALSE,FALSE,FALSE,FALSE,FALSE,FALSE,FALSE,,,FALSE,FALSE,,,,,,,
1740,,,,David,Diaz,Q,,"Purok 5, Brgy. 48, , MALE",RIZAL,,,0,9901952254,FALSE,,,12/08/2024,Ricz Gasul,,FALSE,FALSE,FALSE,FALSE,FALSE,FALSE,FALSE,,,FALSE,FALSE,,,,,,,
1742,,,,Katelyn,Carter,I,,"Purok 2, Brgy. 45, , ",RIZAL,22/11/1998,,14000,9837836674,FALSE,,,12/08/2024,Ricz Gasul,,FALSE,TRUE,TRUE,TRUE,TRUE,TRUE,FALSE,,,TRUE,TRUE,,,,18/11/2024,MICHAEL,,
1743,,,,Ryan,Foster,R,,"Purok 12, Brgy. 52, , FEMALE",RIZAL,,,0,9760093790,FALSE,,,12/08/2024,Ricz Gasul,,FALSE,FALSE,FALSE,FALSE,FALSE,FALSE,FALSE,,,FALSE,FALSE,,,,,,,
1744,,,,Robert,Lee,J,,"Purok 8, Brgy. 50, , SEX",RIZAL,,,0,9642379819,FALSE,,,12/08/2024,Ricz Gasul,,FALSE,FALSE,FALSE,FALSE,FALSE,FALSE,FALSE,,,FALSE,FALSE,,,,,,,
1745,,,,Danielle,Reed,X,,"Purok 6, Brgy. 52, , MALE",RIZAL,,,0,9527920783,FALSE,,,12/08/2024,Ricz Gasul,,FALSE,FALSE,FALSE,FALSE,FALSE,FALSE,FALSE,,,FALSE,FALSE,,,,,,,
1746,,,,Lauren,Martinez,X,,"Purok 1, Brgy. 46, , ",RIZAL,,,0,9510897301,FALSE,,,12/08/2024,Ricz Gasul,,FALSE,FALSE,FALSE,FALSE,FALSE,FALSE,FALSE,,,FALSE,FALSE,,,,,,,
1747,,,,Nathan,Lal,E,,"Purok 9, Brgy. 53, , FEMALE",RIZAL,,,0,9147664900,FALSE,,,12/08/2024,Ricz Gasul,,FALSE,FALSE,FALSE,FALSE,FALSE,FALSE,FALSE,,,FALSE,FALSE,,,,,,,
1748,,,,Kyle,Foster,G,,"Purok 10, Brgy. 51, , ",RIZAL,,,0,9134916364,FALSE,,,12/08/2024,Ricz Gasul,,FALSE,FALSE,FALSE,FALSE,FALSE,FALSE,FALSE,,,FALSE,FALSE,,,,,,,
1752,,,,Jenny,Rai,D,,"Purok 4, Brgy. 51, , MALE",RIZAL,,,0,9926562564,FALSE,,,12/08/2024,Ricz Gasul,,FALSE,FALSE,FALSE,FALSE,FALSE,FALSE,FALSE,,,FALSE,FALSE,,,,,,,
1753,,,,Nancy,Chapman,U,,"Purok 2, Brgy. 45, , MALE",RIZAL,,,0,9681725551,FALSE,,,12/08/2024,Ricz Gasul,,FALSE,FALSE,FALSE,FALSE,FALSE,FALSE,FALSE,,,FALSE,FALSE,,,,,,,
1758,,,,Charles,Jackson,X,,"Purok 1, Brgy. 52, , MALE",RIZAL,,,0,9177763074,FALSE,,,12/08/2024,Ricz Gasul,,FALSE,FALSE,FALSE,FALSE,FALSE,FALSE,FALSE,,,FALSE,FALSE,,,,,,,
1759,,,,Jonathan,Phillips,M,,"Purok 6, Brgy. 52, , SEX",RIZAL,,,0,9245215859,FALSE,,,12/08/2024,Ricz Gasul,,FALSE,FALSE,FALSE,FALSE,FALSE,FALSE,FALSE,,,FALSE,FALSE,,,,,,,
1760,,,,Amanda,Cook,B,,"Purok 7, Brgy. 47, , MALE",RIZAL,,,0,9688148699,FALSE,,,12/08/2024,Ricz Gasul,,FALSE,FALSE,FALSE,FALSE,FALSE,FALSE,FALSE,,,FALSE,FALSE,,,,,,,
1761,,,,Robert,Collins,X,,"Purok 11, Brgy. 52, , FEMALE",RIZAL,,,0,9841724347,FALSE,,,12/08/2024,Ricz Gasul,,FALSE,FALSE,FALSE,FALSE,FALSE,FALSE,FALSE,,,FALSE,FALSE,,,,,,,
1762,,,,Megan,Barnes,O,,"Purok 4, Brgy. 47, , ",RIZAL,,,0,9557075775,FALSE,,,12/08/2024,Ricz Gasul,,FALSE,FALSE,FALSE,FALSE,FALSE,FALSE,FALSE,,,FALSE,FALSE,,,,,,,
1763,,,,Christian,Thomas,H,,"Purok 6, Brgy. 48, , ",RIZAL,,,0,9891032395,FALSE,,,12/08/2024,Ricz Gasul,,FALSE,FALSE,FALSE,FALSE,FALSE,FALSE,FALSE,,,FALSE,FALSE,,,,,,,
1764,,,,Arturo,Lal,R,,"Purok 12, Brgy. 49, , SEX",RIZAL,,,0,9346769944,FALSE,,,12/08/2024,Ricz Gasul,,FALSE,FALSE,FALSE,FALSE,FALSE,FALSE,FALSE,,,FALSE,FALSE,,,,,,,
1765,,,,Theresa,Serrano,U,,"Purok 10, Brgy. 47, , ",RIZAL,,,0,9648624030,FALSE,,,12/08/2024,Ricz Gasul,,FALSE,FALSE,FALSE,FALSE,FALSE,FALSE,FALSE,,,FALSE,FALSE,,,,,,,
1766,,,,Jeremy,Anderson,U,,"Purok 12, Brgy. 48, , FEMALE",RIZAL,,,0,9956794779,FALSE,,,12/08/2024,Ricz Gasul,,FALSE,FALSE,FALSE,FALSE,FALSE,FALSE,FALSE,,,FALSE,FALSE,,,,,,,
1767,,,,Hunter,Griffin,V,,"Purok 10, Brgy. 53, , FEMALE",RIZAL,,,0,9767160721,FALSE,,,12/08/2024,Ricz Gasul,,FALSE,FALSE,FALSE,FALSE,FALSE,FALSE,FALSE,,,FALSE,FALSE,,,,,,,
1768,,,,Henry,Garcia,Y,,"Purok 7, Brgy. 46, , MALE",RIZAL,,,0,9156942373,FALSE,,,12/08/2024,Ricz Gasul,,FALSE,FALSE,FALSE,FALSE,FALSE,FALSE,FALSE,,,FALSE,FALSE,,,,,,,
1769,,,,Cindy,Sanchez,X,,"Purok 11, Brgy. 52, , MALE",RIZAL,,,0,9957495440,FALSE,,,12/08/2024,Ricz Gasul,,FALSE,FALSE,FALSE,FALSE,FALSE,FALSE,FALSE,,,FALSE,FALSE,,,,,,,
1770,,,,Maria,Carter,L,,"Purok 4, Brgy. 50, , SEX",RIZAL,14/09/1980,Married,0,9917159003,FALSE,,,12/08/2024,Ricz Gasul,,FALSE,TRUE,TRUE,TRUE,TRUE,FALSE,TRUE,,,FALSE,FALSE,,,,18/11/2024,MICHAEL,,
1771,,,,Katelyn,Sanchez,T,,"Purok 10, Brgy. 46, , MALE",RIZAL,,,0,9153095290,FALSE,,,12/08/2024,Ricz Gasul,,FALSE,FALSE,FALSE,FALSE,FALSE,FALSE,FALSE,,,FALSE,FALSE,,,,,,,
1773,,,,Jenna,Wright,D,,"Purok 11, Brgy. 45, PICTURE, ",RIZAL,,,0,9122319561,FALSE,,,12/08/2024,Ricz Gasul,,FALSE,FALSE,FALSE,FALSE,FALSE,FALSE,FALSE,,,FALSE,FALSE,,,,,,,
1774,,,,Seth,Phillips,Y,,"Purok 9, Brgy. 49, , ",RIZAL,,,0,9556550266,FALSE,,,12/08/2024,Ricz Gasul,,FALSE,FALSE,FALSE,FALSE,FALSE,FALSE,FALSE,,,FALSE,FALSE,,,,,,,
1775,,,,Luke,Long,I,,"Purok 1, Brgy. 53, , MALE",RIZAL,,,0,9973228570,FALSE,,,12/08/2024,Ricz Gasul,,FALSE,FALSE,FALSE,FALSE,FALSE,FALSE,FALSE,,,FALSE,FALSE,,,,,,,
1776,,,,Dalton,Clark,Q,,"Purok 4, Brgy. 52, , ",RIZAL,,,0,9588939365,FALSE,,,12/08/2024,Ricz Gasul,,FALSE,FALSE,FALSE,FALSE,FALSE,FALSE,FALSE,,,FALSE,FALSE,,,,,,,
1777,,,,Taylor,Lewis,L,,"Purok 10, Brgy. 46, , MALE",RIZAL,,,0,9756208244,FALSE,,,12/08/2024,Ricz Gasul,,FALSE,FALSE,FALSE,FALSE,FALSE,FALSE,FALSE,,,FALSE,FALSE,,,,,,,
1778,,,,Haley,Richardson,D,,"Purok 3, Brgy. 46, , FEMALE",RIZAL,,,0,9274347154,FALSE,,,12/08/2024,Ricz Gasul,,FALSE,FALSE,FALSE,FALSE,FALSE,FALSE,FALSE,,,FALSE,FALSE,,,,,,,
1779,,,,Noah,Coleman,L,,"Purok 10, Brgy. 53, , ",RIZAL,,,0,9411668229,FALSE,,,12/08/2024,Ricz Gasul,,FALSE,FALSE,FALSE,FALSE,FALSE,FALSE,FALSE,,,FALSE,FALSE,,,,,,,
1780,,,,Jon,Luo,M,,"Purok 8, Brgy. 51, , MALE",RIZAL,,,0,9247571480,FALSE,,,12/08/2024,Ricz Gasul,,FALSE,FALSE,FALSE,FALSE,FALSE,FALSE,FALSE,,,FALSE,FALSE,,,,,,,
1781,,,,Orlando,Vazquez,E,,"Purok 6, Brgy. 53, , MALE",RIZAL,,,0,9568900823,FALSE,,,12/08/2024,Ricz Gasul,,FALSE,FALSE,FALSE,FALSE,FALSE,FALSE,FALSE,,,FALSE,FALSE,,,,,,,
1782,,,,Fernando,Barnes,X,,"Purok 2, Brgy. 53, , ",RIZAL,,,0,9531622296,FALSE,,,12/08/2024,Ricz Gasul,,FALSE,FALSE,FALSE,FALSE,FALSE,FALSE,FALSE,,,FALSE,FALSE,,,,18/11/2024,MICHAEL,,
1783,,,,Cameron,Rodriguez,Y,,"Purok 4, Brgy. 47, , MALE",RIZAL,,,0,9683007582,FALSE,,,12/08/2024,Ricz Gasul,,FALSE,FALSE,FALSE,FALSE,FALSE,FALSE,FALSE,,,FALSE,FALSE,,,,,,,
1784,,,,Spencer,Russell,H,,"Purok 11, Brgy. 50, PICTURE, FEMALE",RIZAL,,,0,9458432241,FALSE,,,12/08/2024,Ricz Gasul,,FALSE,FALSE,FALSE,FALSE,FALSE,FALSE,FALSE,,,FALSE,FALSE,,,,,,,
1785,,,,Julia,Coleman,S,,"Purok 5, Brgy. 51, , ",RIZAL,,,0,9769942055,FALSE,,,12/08/2024,Ricz Gasul,,FALSE,FALSE,FALSE,FALSE,FALSE,FALSE,FALSE,,,FALSE,FALSE,,,,18/11/2024,MICHAEL,,
1786,,,,Julia,Garcia,E,,"Purok 4, Brgy. 46, , ",RIZAL,,,0,9272101983,FALSE,,,12/08/2024,Ricz Gasul,,FALSE,FALSE,FALSE,FALSE,FALSE,FALSE,FALSE,,,FALSE,FALSE,,,,,,,
1787,,,,Sean,Evans,W,,"Purok 7, Brgy. 52, , MALE",RIZAL,,,0,9684227181,FALSE,,,12/08/2024,Ricz Gasul,,FALSE,FALSE,FALSE,FALSE,FALSE,FALSE,FALSE,,,FALSE,FALSE,,,,,,,
1788,,,,Micah,Zhou,T,,"Purok 9, Brgy. 45, , MALE",RIZAL,,,0,9350364161,FALSE,,,12/08/2024,Ricz Gasul,,FALSE,FALSE,FALSE,FALSE,FALSE,FALSE,FALSE,,,FALSE,FALSE,,,,,,,
1789,,,,Hunter,Rodriguez,S,,"Purok 8, Brgy. 51, , FEMALE",RIZAL,,,0,9672780443,FALSE,,YUNG BAYAD NYA NAPUNTA NA KAY GANZALES ERMALYN,12/08/2024,Ricz Gasul,,FALSE,FALSE,FALSE,FALSE,FALSE,FALSE,FALSE,,,FALSE,FALSE,,,,18/11/2024,,,
1790,,,,Ian,Gonzales,C,,"Purok 1, Brgy. 51, , MALE",RIZAL,,,0,9444337363,FALSE,,,12/08/2024,Ricz Gasul,,FALSE,FALSE,FALSE,FALSE,FALSE,FALSE,FALSE,,,FALSE,FALSE,,,,,,,
1791,,,,Victoria,Lewis,R,,"Purok 10, Brgy. 52, PICTURE, MALE",RIZAL,,,0,9492617359,FALSE,,,12/08/2024,Ricz Gasul,,FALSE,FALSE,FALSE,FALSE,FALSE,FALSE,FALSE,,,FALSE,FALSE,,,,,,,
1792,,,,Erin,Sanders,U,,"Purok 2, Brgy. 53, , SEX",RIZAL,,,0,9386915309,FALSE,,,12/08/2024,Ricz Gasul,,FALSE,FALSE,FALSE,FALSE,FALSE,FALSE,FALSE,,,FALSE,FALSE,,,,,,,
1793,,,,Gabrielle,Lopez,K,,"Purok 2, Brgy. 52, , MALE",RIZAL,,,0,9796445193,FALSE,,,12/08/2024,Ricz Gasul,,FALSE,FALSE,FALSE,FALSE,FALSE,FALSE,FALSE,,,FALSE,FALSE,,,,,,,
1794,,,,Sara,Richardson,A,,"Purok 9, Brgy. 45, , SEX",RIZAL,,,0,9557288344,FALSE,,,12/08/2024,Ricz Gasul,,FALSE,FALSE,FALSE,FALSE,FALSE,FALSE,FALSE,,,FALSE,FALSE,,,,,,,
1795,,,,Trevor,Jenkins,F,,"Purok 7, Brgy. 52, , ",RIZAL,,,0,9632344428,FALSE,,,12/08/2024,Ricz Gasul,,FALSE,FALSE,FALSE,FALSE,FALSE,FALSE,FALSE,,,FALSE,FALSE,,,,,,,
1796,,,,Mya,Flores,C,,"Purok 10, Brgy. MEMBER ID, , ",RIZAL,,,0,9549520648,FALSE,,,12/08/2024,Ricz Gasul,,FALSE,FALSE,FALSE,FALSE,FALSE,FALSE,FALSE,,,FALSE,FALSE,,,,,,,
1797,,,,Hailey,Ward,I,,"Purok 8, Brgy. 46, PICTURE, MALE",RIZAL,,,0,9242160675,FALSE,,,12/08/2024,Ricz Gasul,,FALSE,FALSE,FALSE,FALSE,FALSE,FALSE,FALSE,,,FALSE,FALSE,,,,,,,
1798,,,,Luke,Allen,K,,"Purok 11, Brgy. 48, , MALE",RIZAL,,,0,9493304641,FALSE,,,12/08/2024,Ricz Gasul,,FALSE,FALSE,FALSE,FALSE,FALSE,FALSE,FALSE,,,FALSE,FALSE,,,,,,,
1799,,,,Victoria,Russell,E,,"Purok 12, Brgy. MEMBER ID, , MALE",RIZAL,,,0,9204779092,FALSE,,,12/08/2024,Ricz Gasul,,FALSE,FALSE,FALSE,FALSE,FALSE,FALSE,FALSE,,,FALSE,FALSE,,,,,,,
1802,,,,Jessica,Wilson,K,,"Purok 6, Brgy. 48, , SEX",RIZAL,,,0,9873808162,FALSE,,,12/08/2024,Ricz Gasul,,FALSE,FALSE,FALSE,FALSE,FALSE,FALSE,FALSE,,,FALSE,FALSE,,,,,,,
1803,,,,Jade,Bailey,D,,"Purok 2, Brgy. 53, , SEX",RIZAL,,,0,9717328562,FALSE,,,12/08/2024,Ricz Gasul,,FALSE,FALSE,FALSE,FALSE,FALSE,FALSE,FALSE,,,FALSE,FALSE,,,,,,,
1804,,,,Morgan,Hill,O,,"Purok 10, Brgy. 49, , FEMALE",RIZAL,,,0,9182265016,FALSE,,,12/08/2024,Ricz Gasul,,FALSE,FALSE,FALSE,FALSE,FALSE,FALSE,FALSE,,,FALSE,FALSE,,,,,,,
1805,,,,Terrance,Raman,K,,"Purok 4, Brgy. 50, , MALE",RIZAL,,,0,9497795260,FALSE,,,12/08/2024,Ricz Gasul,,FALSE,FALSE,FALSE,FALSE,FALSE,FALSE,FALSE,,,FALSE,FALSE,,,,,,,
1806,,,,Sydney,Garcia,W,,"Purok 3, Brgy. 49, , MALE",RIZAL,,,0,9850235475,FALSE,,,12/08/2024,Ricz Gasul,,FALSE,FALSE,FALSE,FALSE,FALSE,FALSE,FALSE,,,FALSE,FALSE,,,,,,,
1807,,,,Jose,Patterson,E,,"Purok 10, Brgy. 53, , MALE",RIZAL,,,0,9666194582,FALSE,,,12/08/2024,Ricz Gasul,,FALSE,FALSE,FALSE,FALSE,FALSE,FALSE,FALSE,,,FALSE,FALSE,,,,,,,
1808,,,,Zachary,Anderson,E,,"Purok 1, Brgy. 52, PICTURE, MALE",RIZAL,,,0,9574843839,FALSE,,,12/08/2024,Ricz Gasul,,FALSE,FALSE,FALSE,FALSE,FALSE,FALSE,FALSE,,,FALSE,FALSE,,,,,,,
1809,,,,Elijah,Ross,X,,"Purok 12, Brgy. 47, , MALE",RIZAL,,,0,9549481087,FALSE,,,12/08/2024,Ricz Gasul,,FALSE,FALSE,FALSE,FALSE,FALSE,FALSE,FALSE,,,FALSE,FALSE,,,,,,,
1810,,,,Rafael,Xie,N,,"Purok 7, Brgy. 49, , FEMALE",RIZAL,,,0,9560706900,FALSE,,,12/08/2024,Ricz Gasul,,FALSE,FALSE,FALSE,FALSE,FALSE,FALSE,FALSE,,,FALSE,FALSE,,,,,,,
1811,,,,Jaime,Moreno,U,,"Purok 10, Brgy. 47, , ",RIZAL,,,0,9455185020,FALSE,,,12/08/2024,Ricz Gasul,,FALSE,FALSE,FALSE,FALSE,FALSE,FALSE,FALSE,,,FALSE,FALSE,,,,,,,
1812,,,,Julian,Griffin,R,,"Purok 11, Brgy. 52, , MALE",RIZAL,,,0,9937341156,FALSE,,,12/08/2024,Ricz Gasul,,FALSE,FALSE,FALSE,FALSE,FALSE,FALSE,FALSE,,,FALSE,FALSE,,,,,,,
1813,,,,Andy,Alvarez,P,,"Purok 12, Brgy. 46, , MALE",RIZAL,,,0,9582204190,FALSE,,,12/08/2024,Ricz Gasul,,FALSE,FALSE,FALSE,FALSE,FALSE,FALSE,FALSE,,,FALSE,FALSE,,,,,,,
1814,,,,Ryan,Thompson,K,,"Purok 3, Brgy. MEMBER ID, , FEMALE",RIZAL,,,0,9702337954,FALSE,,,12/08/2024,Ricz Gasul,,FALSE,FALSE,FALSE,FALSE,FALSE,FALSE,FALSE,,,FALSE,FALSE,,,,,,,
1815,,,,Samantha,Jenkins,U,,"Purok 4, Brgy. 46, , MALE",RIZAL,,,0,9778555274,FALSE,,,12/08/2024,Ricz Gasul,,FALSE,FALSE,FALSE,FALSE,FALSE,FALSE,FALSE,,,FALSE,FALSE,,,,,,,
1816,,,,Deanna,Ramos,P,,"Purok 7, Brgy. 50, , FEMALE",RIZAL,,,0,9360206199,FALSE,,,12/08/2024,Ricz Gasul,,FALSE,FALSE,FALSE,FALSE,FALSE,FALSE,FALSE,,,FALSE,FALSE,,,,,,BETTER LIVING URBAN SERVICES FOUNDATION INC.,"MARIAH P. BUILDING, NATIONAL ROAD, BRGY. CAPITANGAN, ABUCAY, BATAAN"
1817,,,,Emily,Miller,P,,"Purok 7, Brgy. 46, , MALE",RIZAL,,,0,9713159172,FALSE,,,12/08/2024,Ricz Gasul,,FALSE,FALSE,FALSE,FALSE,FALSE,FALSE,FALSE,,,FALSE,FALSE,,,,,,,
1818,,,,Nicole,Brown,M,,"Purok 4, Brgy. 48, PICTURE, MALE",RIZAL,,,0,9917765048,FALSE,,,12/08/2024,Ricz Gasul,,FALSE,FALSE,FALSE,FALSE,FALSE,FALSE,FALSE,,,FALSE,FALSE,,,,,,,
1819,,,,Carla,Raman,U,,"Purok 4, Brgy. 53, , MALE",MASAO,,,0,9896895946,FALSE,,,13/08/2024,Ricz Gasul,,FALSE,FALSE,FALSE,FALSE,FALSE,FALSE,FALSE,,,FALSE,FALSE,,,,,,,
1820,,,,Shaun,Raji,C,,"Purok 7, Brgy. 50, , ",MASAO,,,0,9259724269,FALSE,,,13/08/2024,Ricz Gasul,,FALSE,FALSE,FALSE,FALSE,FALSE,FALSE,FALSE,,,FALSE,FALSE,,,,,,,
1821,,,,Jerome,Romero,J,,"Purok 4, Brgy. 47, , FEMALE",MASAO,,,0,9855066572,FALSE,,,13/08/2024,Ricz Gasul,,FALSE,TRUE,TRUE,TRUE,TRUE,TRUE,FALSE,,,TRUE,FALSE,,,,,,,
1822,,,,Frank,Navarro,O,,"Purok 4, Brgy. 51, , ",MASAO,,,0,9375817963,FALSE,,,13/08/2024,Ricz Gasul,,FALSE,FALSE,FALSE,FALSE,FALSE,FALSE,FALSE,,,FALSE,FALSE,,,,,,,
1823,,,,Dennis,She,N,,"Purok 6, Brgy. MEMBER ID, , FEMALE",MASAO,25/01/1982,Married,0,9293945078,FALSE,Active,,13/08/2024,Ricz Gasul,,FALSE,TRUE,TRUE,TRUE,TRUE,TRUE,TRUE,,CATHOLIC,FALSE,FALSE,,,,,,,
1824,,,,Melody,Munoz,G,,"Purok 8, Brgy. 45, , SEX",MASAO,,,0,9574677796,FALSE,Active,,13/08/2024,Ricz Gasul,,FALSE,FALSE,FALSE,FALSE,FALSE,FALSE,FALSE,,,FALSE,FALSE,,,,,,,
1825,,,,Randy,Zeng,E,,"Purok 12, Brgy. 48, , FEMALE",MASAO,,,0,9794857461,FALSE,,,13/08/2024,Ricz Gasul,,FALSE,FALSE,FALSE,FALSE,FALSE,FALSE,FALSE,,,FALSE,FALSE,,,,,,,
1826,,,,Marshall,Wang,L,,"Purok 3, Brgy. 48, , MALE",MASAO,,,0,9449684908,FALSE,,,13/08/2024,Ricz Gasul,,FALSE,TRUE,TRUE,TRUE,TRUE,TRUE,FALSE,,,TRUE,FALSE,,,,,,,
1827,,,,Arthur,Carlson,B,,"Purok 11, Brgy. 48, , MALE",MASAO,,,0,9558443992,FALSE,,,13/08/2024,Ricz Gasul,,FALSE,FALSE,FALSE,FALSE,FALSE,FALSE,FALSE,,,FALSE,FALSE,,,,,,,
1828,,,,Jessie,Jimenez,K,,"Purok 7, Brgy. 48, , SEX",MASAO,,,0,9953180513,FALSE,,,13/08/2024,Ricz Gasul,,FALSE,FALSE,FALSE,FALSE,FALSE,FALSE,FALSE,,,FALSE,FALSE,,,,,,,
1829,,,,Robin,Ramos,Y,,"Purok 1, Brgy. 46, , MALE",MASAO,,,0,9225629620,FALSE,,,13/08/2024,Ricz Gasul,,FALSE,FALSE,FALSE,FALSE,FALSE,FALSE,FALSE,,,FALSE,FALSE,,,,,,,
1830,,,,Deanna,Gutierrez,L,,"Purok 5, Brgy. 52, , ",MASAO,,,0,9267546905,FALSE,,,13/08/2024,Ricz Gasul,,FALSE,FALSE,FALSE,FALSE,FALSE,FALSE,FALSE,,,FALSE,FALSE,,,,,,,
1831,,,,Roy,Navarro,D,,"Purok 11, Brgy. MEMBER ID, , FEMALE",RIZAL,,,0,9459847674,FALSE,,,21/08/2024,Ricz Gasul,,FALSE,FALSE,FALSE,FALSE,FALSE,FALSE,FALSE,,,FALSE,FALSE,,,,,,,
1832,,,,Shawn,Rai,B,,"Purok 6, Brgy. 51, , MALE",RIZAL,,,0,9754556463,FALSE,,,21/08/2024,Ricz Gasul,,FALSE,FALSE,FALSE,FALSE,FALSE,FALSE,FALSE,,,FALSE,FALSE,,,,,,,
1834,,,,Mindy,Luo,O,,"Purok 3, Brgy. 47, , MALE",RIZAL,,,0,9613963344,FALSE,,,21/08/2024,Ricz Gasul,,FALSE,FALSE,FALSE,FALSE,FALSE,FALSE,FALSE,,,FALSE,FALSE,,,,18/11/2024,,,
1835,,,,Cara,Zhou,C,,"Purok 7, Brgy. 48, , SEX",RIZAL,,,0,9668818715,FALSE,,,29/08/2024,Ricz Gasul,,FALSE,FALSE,FALSE,FALSE,FALSE,FALSE,FALSE,,,FALSE,FALSE,,,,,,,
1836,,,,Anne,Ramos,G,,"Purok 2, Brgy. 52, , FEMALE",RIZAL,,,0,9644926398,FALSE,,,29/08/2024,Ricz Gasul,,FALSE,FALSE,FALSE,FALSE,FALSE,FALSE,FALSE,,,FALSE,FALSE,,,,,,,
1837,,,,Raymond,Rodriguez,X,,"Purok 2, Brgy. 52, , ",BANCASI,,,0,9772515710,FALSE,,,29/08/2024,Ricz Gasul,,FALSE,FALSE,FALSE,FALSE,FALSE,FALSE,FALSE,,,FALSE,FALSE,,,,,,,
1838,,,,Carrie,Ortega,U,,"Purok 6, Brgy. 50, , MALE",BANCASI,,,0,9671272452,FALSE,,,29/08/2024,Ricz Gasul,,FALSE,FALSE,FALSE,FALSE,FALSE,FALSE,FALSE,,,FALSE,FALSE,,,,,,,
1839,,,,Deanna,Suarez,F,,"Purok 1, Brgy. 48, , FEMALE",BANCASI,,,0,9128072750,FALSE,,,29/08/2024,Ricz Gasul,,FALSE,FALSE,FALSE,FALSE,FALSE,FALSE,FALSE,,,FALSE,FALSE,,,,,,,
1840,,,,Roberto,Gutierrez,J,,"Purok 6, Brgy. 52, , ",BANCASI,,,0,9912643127,FALSE,,,29/08/2024,Ricz Gasul,,FALSE,FALSE,FALSE,FALSE,FALSE,FALSE,FALSE,,,FALSE,FALSE,,,,,,,
1841,,,,Terrence,Carson,A,,"Purok 9, Brgy. 49, , MALE",BANCASI,,,0,9645087209,FALSE,,,29/08/2024,Ricz Gasul,,FALSE,FALSE,FALSE,FALSE,FALSE,FALSE,FALSE,,,FALSE,FALSE,,,,,,,
1842,,,,Ramon,Ye,N,,"Purok 3, Brgy. 49, , ",BANCASI,,,0,9584817247,FALSE,,,29/08/2024,Ricz Gasul,,FALSE,FALSE,FALSE,FALSE,FALSE,FALSE,FALSE,,,FALSE,FALSE,,,,,,,
1846,,,,Cynthia,Malhotra,O,,"Purok 5, Brgy. 47, , MALE",BANCASI,,,0,9215769906,FALSE,,Walang bayad ng Processing Fee,05/09/2024,Ricz Gasul,,FALSE,FALSE,FALSE,FALSE,FALSE,FALSE,FALSE,,,FALSE,FALSE,,,,,,,
1847,,,,Jarrod,Prasad,C,,"Purok 9, Brgy. 48, , SEX",BANCASI,,,0,9760965570,FALSE,,,05/09/2024,Ricz Gasul,,FALSE,FALSE,FALSE,FALSE,FALSE,FALSE,FALSE,,,FALSE,FALSE,,,,,,,
1848,,,,Tyrone,Serrano,Y,,"Purok 10, Brgy. 51, , ",BANCASI,,Married,0,9605757598,FALSE,,,05/09/2024,Ricz Gasul,,FALSE,FALSE,FALSE,FALSE,FALSE,FALSE,FALSE,,,TRUE,TRUE,,,,25/11/2024,lency,,
1849,,,,Cindy,Ramos,N,,"Purok 8, Brgy. 52, , ",BANCASI,19/03/1996,,0,9331857594,FALSE,,,05/09/2024,Ricz Gasul,,FALSE,FALSE,FALSE,FALSE,TRUE,FALSE,FALSE,,,FALSE,FALSE,,,,,,,
1850,,,,Damien,Shan,Q,,"Purok 3, Brgy. 50, PICTURE, SEX",BANCASI,,,0,9491408621,FALSE,,,05/09/2024,Ricz Gasul,,FALSE,FALSE,FALSE,FALSE,FALSE,FALSE,FALSE,,,FALSE,FALSE,,,,,,,
1851,,,,Julian,Ross,B,,"Purok 3, Brgy. 50, , ",BANCASI,,Single,0,9799878132,FALSE,Active,,05/09/2024,Ricz Gasul,,FALSE,TRUE,TRUE,TRUE,TRUE,TRUE,FALSE,,,FALSE,FALSE,,,,25/11/2024,lency,,
1852,,,,Jennifer,Collins,P,,"Purok 5, Brgy. 53, PICTURE, MALE",BANCASI,,,0,9592242005,FALSE,,,05/09/2024,Ricz Gasul,,FALSE,FALSE,FALSE,FALSE,FALSE,FALSE,FALSE,,,FALSE,FALSE,,,,,,,
1853,,,,Brittney,Sun,E,,"Purok 8, Brgy. 50, , FEMALE",BANCASI,,,0,9361246246,FALSE,,,05/09/2024,Ricz Gasul,,FALSE,TRUE,FALSE,TRUE,FALSE,TRUE,FALSE,,,TRUE,TRUE,,,,25/11/2024,lency,,
1854,,,,Virginia,Patel,T,,"Purok 7, Brgy. 51, , FEMALE",MASAO,,,0,9221601716,FALSE,,,09/09/2024,Ricz Gasul,,FALSE,FALSE,FALSE,FALSE,FALSE,FALSE,FALSE,,,FALSE,FALSE,,,,,,,
1855,,,,Calvin,Nara,T,,"Purok 12, Brgy. 49, , SEX",BANCASI,,,0,9201190803,FALSE,,,09/09/2024,Ricz Gasul,,FALSE,FALSE,FALSE,FALSE,FALSE,FALSE,FALSE,,,FALSE,FALSE,,,,,,,
1856,,,,Edward,Miller,D,,"Purok 11, Brgy. 47, , FEMALE",BANCASI,20/05/1997,Single,18200,9689464652,FALSE,,,10/09/2024,Ricz Gasul,,FALSE,TRUE,TRUE,FALSE,TRUE,FALSE,FALSE,B.P.O,CHRISTIAN,FALSE,FALSE,,,,,,,
1857,,FEMALE,MRS.,Ashlee,Tang,U,,"Purok 2, Brgy. 50, , SEX",RIZAL,,,0,9939065070,FALSE,,,16/09/2024,Ricz Gasul,,FALSE,FALSE,FALSE,FALSE,FALSE,FALSE,FALSE,,,FALSE,FALSE,,,,,,,
1858,,,,Alicia,Xu,O,,"Purok 4, Brgy. 46, , MALE",RIZAL,,,0,9122698764,FALSE,,,18/09/2024,Ricz Gasul,,FALSE,FALSE,FALSE,FALSE,FALSE,FALSE,FALSE,,,FALSE,FALSE,,,,,,,
1859,,,,Lacey,Jai,K,,"Purok 8, Brgy. 48, , SEX",RIZAL,,,0,9523094280,FALSE,,,19/09/2024,Ricz Gasul,,FALSE,FALSE,FALSE,FALSE,FALSE,FALSE,FALSE,,,FALSE,FALSE,,,,,,,
1872,,FEMALE,MS.,Wendy,Romero,X,,"Purok 6, Brgy. 49, , ",MASAO,,Single,0,9411998229,TRUE,Active,,07/10/2024,Ricz Gasul,,FALSE,TRUE,TRUE,FALSE,TRUE,TRUE,FALSE,,INC,TRUE,TRUE,0,,,,,,
1873,,MALE,MR.,Carly,Luo,E,,"Purok 4, Brgy. 52, , ",MASAO,21/03/1980,Married,0,9357834793,TRUE,Active,,07/10/2024,Ricz Gasul,,FALSE,FALSE,FALSE,FALSE,TRUE,FALSE,FALSE,,CATHOLIC,FALSE,FALSE,0,,,,,,
1875,,FEMALE,MS,Jimmy,Ortega,X,,"Purok 6, Brgy. MEMBER ID, , MALE",MASAO,,,0,9816953485,FALSE,,,09/10/2024,Ricz Gasul,,FALSE,FALSE,FALSE,FALSE,FALSE,FALSE,FALSE,,,FALSE,FALSE,0,,,,,,
1876,,FEMALE,MS,Francisco,Martinez,K,,"Purok 5, Brgy. 46, , MALE",MASAO,,,0,9624051132,FALSE,,,09/10/2024,Ricz Gasul,,FALSE,FALSE,FALSE,FALSE,FALSE,FALSE,FALSE,,,FALSE,FALSE,0,,,,,,
1877,,MALE,MR,Lance,Vazquez,M,,"Purok 11, Brgy. MEMBER ID, , SEX",BANCASI,,,0,9190304816,FALSE,,,09/10/2024,Ricz Gasul,,FALSE,FALSE,FALSE,FALSE,FALSE,FALSE,FALSE,,,FALSE,FALSE,0,,,,,,
1878,,FEMALE,MRS.,David,Robinett,F,,"Purok 4, Brgy. 47, , MALE",BANCASI,,,,9537513118,TRUE,,,09/10/2024,Ricz Gasul,,FALSE,TRUE,TRUE,TRUE,TRUE,TRUE,TRUE,,,FALSE,TRUE,0,,,19/11/2024,MICHAEL,,
1879,,FEMALE,,Shannon,Liang,F,,"Purok 2, Brgy. 48, , ",BANCASI,,Single,0,9346082150,FALSE,Active,,14/10/2024,Ricz Gasul,,FALSE,TRUE,TRUE,TRUE,TRUE,TRUE,FALSE,,,FALSE,TRUE,0,,,25/11/2024,lency,,
1880,,MALE,,Gary,Vazquez,O,,"Purok 7, Brgy. 45, , SEX",BANCASI,,Married,0,9552110083,FALSE,Active,,14/10/2024,Ricz Gasul,,FALSE,TRUE,TRUE,TRUE,TRUE,TRUE,FALSE,,,FALSE,TRUE,0,,,25/11/2024,lency,,
1881,,FEMALE,,Mitchell,Kumar,O,,"Purok 10, Brgy. 46, , FEMALE",BANCASI,,Single,0,9837371425,FALSE,Active,,14/10/2024,Ricz Gasul,,FALSE,TRUE,TRUE,TRUE,TRUE,TRUE,FALSE,,,FALSE,TRUE,0,,,25/11/2024,lency,,
1882,,FEMALE,,Meredith,Raman,G,,"Purok 6, Brgy. 50, PICTURE, MALE",BANCASI,,,0,9863004759,FALSE,,,14/10/2024,Ricz Gasul,,FALSE,FALSE,FALSE,FALSE,FALSE,FALSE,FALSE,,,FALSE,FALSE,0,,,,,,
1883,,FEMALE,,Edward,Patterson,R,,"Purok 12, Brgy. 51, , MALE",BANCASI,,,0,9500118226,FALSE,,,14/10/2024,Ricz Gasul,,FALSE,FALSE,FALSE,FALSE,FALSE,FALSE,FALSE,,,FALSE,FALSE,0,,,,,,
1884,,MALE,MR,Marie,Gill,O,,"Purok 10, Brgy. 50, , MALE",BANCASI,,,0,9815356521,FALSE,,,14/10/2024,Ricz Gasul,,FALSE,FALSE,FALSE,FALSE,FALSE,FALSE,FALSE,,,FALSE,FALSE,0,,,,,,
1885,,FEMALE,,Tiffany,Wang,U,,"Purok 3, Brgy. 48, , FEMALE",BANCASI,,,0,9919990139,FALSE,,,14/10/2024,Ricz Gasul,,FALSE,FALSE,FALSE,FALSE,FALSE,FALSE,FALSE,,,FALSE,FALSE,0,,,,,,
1886,,,,Miguel,Allen,Y,,"Purok 2, Brgy. MEMBER ID, PICTURE, ",BANCASI,,,0,9758329570,FALSE,,,14/10/2024,Ricz Gasul,,FALSE,FALSE,FALSE,FALSE,FALSE,FALSE,FALSE,,,FALSE,FALSE,0,,,,,,
1887,,MALE,,Jaclyn,Cai,N,,"Purok 1, Brgy. 45, , MALE",BANCASI,,,0,9865982957,FALSE,,,14/10/2024,Ricz Gasul,,FALSE,FALSE,FALSE,FALSE,FALSE,FALSE,FALSE,,,FALSE,FALSE,0,,,,,,
1888,,FEMALE,,Megan,Ramirez,I,,"Purok 9, Brgy. 47, , MALE",BANCASI,,,0,9362944181,FALSE,,,14/10/2024,Ricz Gasul,,FALSE,FALSE,FALSE,FALSE,FALSE,FALSE,FALSE,,,FALSE,FALSE,0,,,,,,
1889,,FEMALE,,Joseph,Martin,H,,"Purok 11, Brgy. 45, PICTURE, MALE",BANCASI,,,0,9184963199,FALSE,,,14/10/2024,Ricz Gasul,,FALSE,FALSE,FALSE,FALSE,FALSE,FALSE,FALSE,,,FALSE,FALSE,0,,,,,,
1890,,FEMALE,,Karl,Shan,E,,"Purok 11, Brgy. 47, PICTURE, ",RIZAL,,,0,9234052693,FALSE,,,14/10/2024,Ricz Gasul,,FALSE,FALSE,FALSE,FALSE,FALSE,FALSE,FALSE,,,FALSE,FALSE,0,,,14/11/2024,,,
1891,,MALE,MR.,Christine,Raji,Z,,"Purok 12, Brgy. 46, , ",RIZAL,,,0,9448631450,FALSE,,,14/10/2024,Ricz Gasul,,FALSE,FALSE,FALSE,FALSE,FALSE,FALSE,FALSE,,,FALSE,FALSE,0,,,,,,
1892,,,,Lindsay,Xie,H,,"Purok 5, Brgy. 49, , SEX",RIZAL,,,0,9240757197,FALSE,,,15/10/2024,Ricz Gasul,,FALSE,FALSE,FALSE,FALSE,FALSE,FALSE,FALSE,,,FALSE,FALSE,0,,,,,,
1894,,FEMALE,,Willie,Zhao,E,,"Purok 7, Brgy. 45, , ",RIZAL,,,0,9863272573,FALSE,,,16/10/2024,Ricz Gasul,,FALSE,FALSE,FALSE,FALSE,FALSE,FALSE,FALSE,,,FALSE,FALSE,0,,,,,,
1895,,FEMALE,,Kurt,Pal,F,,"Purok 4, Brgy. 47, , SEX",RIZAL,,,0,9870983958,FALSE,,,16/10/2024,Ricz Gasul,,FALSE,FALSE,FALSE,FALSE,FALSE,FALSE,FALSE,,,FALSE,FALSE,0,,,,,,
1896,,FEMALE,,George,McDonald,F,,"Purok 7, Brgy. 49, , SEX",RIZAL,,,0,9943857268,FALSE,,,16/10/2024,Ricz Gasul,,FALSE,FALSE,FALSE,FALSE,FALSE,FALSE,FALSE,,,FALSE,FALSE,0,,,,,,
1897,,FEMALE,,Beth,Gutierrez,D,,"Purok 1, Brgy. 48, , MALE",RIZAL,,,0,9611341205,FALSE,,,16/10/2024,Ricz Gasul,,FALSE,FALSE,FALSE,FALSE,FALSE,FALSE,FALSE,,,FALSE,FALSE,0,,,,,,
1898,,FEMALE,,Ian,Lopez,E,,"Purok 3, Brgy. 53, , FEMALE",RIZAL,,,0,9581988119,FALSE,,,18/10/2024,Ricz Gasul,,FALSE,FALSE,FALSE,FALSE,FALSE,FALSE,FALSE,,,FALSE,FALSE,0,,,,,,
1901,,FEMALE,,Latoya,Shan,X,,"Purok 4, Brgy. 50, , SEX",RIZAL,,,0,9857520589,FALSE,,,21/10/2024,Ricz Gasul,,FALSE,FALSE,FALSE,FALSE,FALSE,FALSE,FALSE,,,FALSE,FALSE,0,,,,,,
1902,,MALE,MR,Colin,Nath,G,,"Purok 1, Brgy. 50, , MALE",MASAO,,,0,9281365356,FALSE,Active,,21/10/2024,Ricz Gasul,,FALSE,FALSE,FALSE,FALSE,FALSE,FALSE,FALSE,,,FALSE,FALSE,0,,,,,,
1903,,MALE,MR,Brenda,Mehta,V,,"Purok 9, Brgy. 49, , FEMALE",RIZAL,,,0,9184335947,FALSE,,,21/10/2024,Ricz Gasul,,FALSE,FALSE,FALSE,FALSE,FALSE,FALSE,FALSE,,,FALSE,FALSE,0,,,,,,
1904,,,,Franklin,Raji,V,,"Purok 7, Brgy. 47, , FEMALE",RIZAL,,,0,9280064115,FALSE,,,24/10/2024,Ricz Gasul,,FALSE,FALSE,FALSE,FALSE,FALSE,FALSE,FALSE,,,FALSE,FALSE,0,,,,,,
1905,,,,Linda,Navarro,N,,"Purok 6, Brgy. 53, , MALE",RIZAL,,,0,9614820347,FALSE,,,24/10/2024,Ricz Gasul,,FALSE,FALSE,FALSE,FALSE,FALSE,FALSE,FALSE,,,FALSE,FALSE,0,,,,,,
1906,,,,Kelli,Cai,A,,"Purok 5, Brgy. 52, , FEMALE",RIZAL,,,0,9158398403,FALSE,,,24/10/2024,Ricz Gasul,,FALSE,FALSE,FALSE,FALSE,FALSE,FALSE,FALSE,,,FALSE,FALSE,0,,,,,,
1907,,,,Nancy,Schmidt,Y,,"Purok 2, Brgy. 53, , SEX",RIZAL,,,0,9617365375,FALSE,,,24/10/2024,Ricz Gasul,,FALSE,FALSE,FALSE,FALSE,FALSE,FALSE,FALSE,,,FALSE,FALSE,0,,,,,,
1908,,,,Megan,Taylor,D,,"Purok 12, Brgy. 48, , ",RIZAL,,,0,9933999761,FALSE,,,24/10/2024,Ricz Gasul,,FALSE,FALSE,FALSE,FALSE,FALSE,FALSE,FALSE,,,FALSE,FALSE,0,,,,,,
1909,,,,Bonnie,Goel,A,,"Purok 3, Brgy. 52, , FEMALE",RIZAL,,,0,9160815501,FALSE,,,24/10/2024,Ricz Gasul,,FALSE,FALSE,FALSE,FALSE,FALSE,FALSE,FALSE,,,FALSE,FALSE,0,,,,,,
1911,,,,Latoya,Xu,W,,"Purok 7, Brgy. 53, PICTURE, MALE",RIZAL,,,0,9856758201,FALSE,,,24/10/2024,Ricz Gasul,,FALSE,FALSE,FALSE,FALSE,FALSE,FALSE,FALSE,,,FALSE,FALSE,0,,,,,,
1912,,,,Mario,She,W,,"Purok 4, Brgy. 51, , ",RIZAL,,,0,9210901806,FALSE,,,24/10/2024,Ricz Gasul,,FALSE,FALSE,FALSE,FALSE,FALSE,FALSE,FALSE,,,FALSE,FALSE,0,,,,,,
1913,,,,Darren,Gill,D,,"Purok 8, Brgy. 48, PICTURE, FEMALE",RIZAL,,,0,9845814353,FALSE,,,24/10/2024,Ricz Gasul,,FALSE,FALSE,FALSE,FALSE,FALSE,FALSE,FALSE,,,FALSE,FALSE,0,,,,,,
1914,,,,Jacqueline,Hayes,C,,"Purok 8, Brgy. 45, , MALE",RIZAL,,,0,9505970083,FALSE,,,24/10/2024,Ricz Gasul,,FALSE,FALSE,FALSE,FALSE,FALSE,FALSE,FALSE,,,FALSE,FALSE,0,,,,,,
1915,,,,Maurice,Goel,C,,"Purok 7, Brgy. 47, , MALE",RIZAL,,,0,9971790716,FALSE,,,24/10/2024,Ricz Gasul,,FALSE,FALSE,FALSE,FALSE,FALSE,FALSE,FALSE,,,FALSE,FALSE,0,,,,,,
1916,,,,Devin,Ross,N,,"Purok 4, Brgy. 51, , MALE",RIZAL,,,0,9612750164,FALSE,,,24/10/2024,Ricz Gasul,,FALSE,FALSE,FALSE,FALSE,FALSE,FALSE,FALSE,,,FALSE,FALSE,0,,,,,,
1917,,,,Sydney,Bryant,J,,"Purok 11, Brgy. 50, , FEMALE",RIZAL,,,0,9930111573,FALSE,,,24/10/2024,Ricz Gasul,,FALSE,FALSE,FALSE,FALSE,FALSE,FALSE,FALSE,,,FALSE,FALSE,0,,,,,,
1918,,,,Megan,Stewart,L,,"Purok 7, Brgy. 46, , SEX",RIZAL,,,0,9782854896,FALSE,,,24/10/2024,Ricz Gasul,,FALSE,FALSE,FALSE,FALSE,FALSE,FALSE,FALSE,,,FALSE,FALSE,0,,,,,,
1919,,,,Ian,Richardson,T,,"Purok 9, Brgy. 52, , ",RIZAL,,,0,9902094036,FALSE,,,24/10/2024,Ricz Gasul,,FALSE,FALSE,FALSE,FALSE,FALSE,FALSE,FALSE,,,FALSE,FALSE,0,,,,,,
1920,,,,Randy,She,R,,"Purok 5, Brgy. 51, , SEX",RIZAL,,,0,9939228818,FALSE,,,24/10/2024,Ricz Gasul,,FALSE,FALSE,FALSE,FALSE,FALSE,FALSE,FALSE,,,FALSE,FALSE,0,,,,,,
1921,,,,Katrina,Becker,I,,"Purok 8, Brgy. 50, , FEMALE",RIZAL,,,0,9221313061,FALSE,,,24/10/2024,Ricz Gasul,,FALSE,FALSE,FALSE,FALSE,FALSE,FALSE,FALSE,,,FALSE,FALSE,0,,,,,,
1922,,,,Lacey,Zheng,S,,"Purok 9, Brgy. 46, , MALE",RIZAL,,,0,9292447506,FALSE,,,28/10/2024,Ricz Gasul,,FALSE,FALSE,FALSE,FALSE,FALSE,FALSE,FALSE,,,FALSE,FALSE,0,,,,,,
1923,,,,Rafael,Hu,Y,,"Purok 7, Brgy. 52, , MALE",RIZAL,,,0,9523600927,FALSE,,,28/10/2024,Ricz Gasul,,FALSE,FALSE,FALSE,FALSE,FALSE,FALSE,FALSE,,,FALSE,FALSE,0,,,,,,
1924,,,,Kyle,Scott,G,,"Purok 7, Brgy. 48, , MALE",RIZAL,,,0,9688363393,FALSE,,,28/10/2024,Ricz Gasul,,FALSE,FALSE,FALSE,FALSE,FALSE,FALSE,FALSE,,,FALSE,FALSE,0,,,,,,
1925,,,,Jordan,Turner,M,,"Purok 8, Brgy. 47, , MALE",RIZAL,,,0,9386353030,FALSE,,,28/10/2024,Ricz Gasul,,FALSE,FALSE,FALSE,FALSE,FALSE,FALSE,FALSE,,,FALSE,FALSE,0,,,,,,
1926,,,,Amy,Sun,S,,"Purok 11, Brgy. 51, , MALE",RIZAL,,,0,9400039261,FALSE,,,28/10/2024,Ricz Gasul,,FALSE,FALSE,FALSE,FALSE,FALSE,FALSE,FALSE,,,FALSE,FALSE,0,,,,,,
1927,,,,Dustin,Deng,K,,"Purok 6, Brgy. 47, , MALE",RIZAL,,,0,9409227198,FALSE,,,28/10/2024,Ricz Gasul,,FALSE,FALSE,FALSE,FALSE,FALSE,FALSE,FALSE,,,FALSE,FALSE,0,,,,,,
1928,,,,Jasmine,Stewart,X,,"Purok 11, Brgy. 49, PICTURE, SEX",RIZAL,,,0,9115107515,FALSE,,,28/10/2024,Ricz Gasul,,FALSE,FALSE,FALSE,FALSE,FALSE,FALSE,FALSE,,,FALSE,FALSE,0,,,,,,
1929,,,,Pamela,Garcia,Y,,"Purok 12, Brgy. 45, , FEMALE",RIZAL,,,0,9846435290,FALSE,,,28/10/2024,Ricz Gasul,,FALSE,FALSE,FALSE,FALSE,FALSE,FALSE,FALSE,,,FALSE,FALSE,0,,,,,,
1930,,,,Ariana,Gray,Q,,"Purok 10, Brgy. MEMBER ID, , MALE",RIZAL,,,0,9398954061,FALSE,,,28/10/2024,Ricz Gasul,,FALSE,FALSE,FALSE,FALSE,FALSE,FALSE,FALSE,,,FALSE,FALSE,0,,,,,,
1931,,,,Kristopher,Mehta,J,,"Purok 10, Brgy. MEMBER ID, , MALE",RIZAL,,,0,9920800615,FALSE,,,28/10/2024,Ricz Gasul,,FALSE,FALSE,FALSE,FALSE,FALSE,FALSE,FALSE,,,FALSE,FALSE,0,,,,,,
1932,,,,Desiree,Dominguez,U,,"Purok 9, Brgy. 50, , ",RIZAL,,,0,9780402892,FALSE,,,28/10/2024,Ricz Gasul,,FALSE,FALSE,FALSE,FALSE,FALSE,FALSE,FALSE,,,FALSE,FALSE,0,,,,,,
1933,,,,Deanna,Perez,O,,"Purok 3, Brgy. 53, , MALE",RIZAL,,,0,9981516302,FALSE,,,28/10/2024,Ricz Gasul,,FALSE,FALSE,FALSE,FALSE,FALSE,FALSE,FALSE,,,FALSE,FALSE,0,,,,,,
1934,,,,Marco,Lopez,W,,"Purok 12, Brgy. 51, PICTURE, ",RIZAL,,,0,9604470860,FALSE,,,28/10/2024,Ricz Gasul,,FALSE,FALSE,FALSE,FALSE,FALSE,FALSE,FALSE,,,FALSE,FALSE,0,,,,,,
1935,,,,Casey,Yuan,K,,"Purok 11, Brgy. 45, , FEMALE",RIZAL,,,0,9232771502,FALSE,,,28/10/2024,Ricz Gasul,,FALSE,FALSE,FALSE,FALSE,FALSE,FALSE,FALSE,,,FALSE,FALSE,0,,,,,,
1936,,,,Bryant,Garcia,E,,"Purok 9, Brgy. 46, , FEMALE",RIZAL,,,0,9203523312,FALSE,,,28/10/2024,Ricz Gasul,,FALSE,FALSE,FALSE,FALSE,FALSE,FALSE,FALSE,,,FALSE,FALSE,0,,,,,,
1937,,,,Dominique,Prasad,R,,"Purok 1, Brgy. 47, , MALE",RIZAL,,,0,9750096572,FALSE,,,28/10/2024,Ricz Gasul,,FALSE,FALSE,FALSE,FALSE,FALSE,FALSE,FALSE,,,FALSE,FALSE,0,,,,,,
1938,,,,Maurice,Shan,J,,"Purok 1, Brgy. 50, , MALE",RIZAL,,,0,9917412491,FALSE,,,28/10/2024,Ricz Gasul,,FALSE,FALSE,FALSE,FALSE,FALSE,FALSE,FALSE,,,FALSE,FALSE,0,,,,,,
1939,,,,Andre,Lopez,Y,,"Purok 11, Brgy. MEMBER ID, , SEX",RIZAL,,,0,9978750651,FALSE,,,28/10/2024,Ricz Gasul,,FALSE,FALSE,FALSE,FALSE,FALSE,FALSE,FALSE,,,FALSE,FALSE,0,,,,,,
1940,,,,Robin,Romero,W,,"Purok 4, Brgy. 52, , MALE",RIZAL,,,0,9695573927,FALSE,,,28/10/2024,Ricz Gasul,,FALSE,FALSE,FALSE,FALSE,FALSE,FALSE,FALSE,,,FALSE,FALSE,0,,,,,,
1941,,,,Taylor,Cox,R,,"Purok 9, Brgy. MEMBER ID, , SEX",RIZAL,,,0,9379151847,FALSE,,,28/10/2024,Ricz Gasul,,FALSE,FALSE,FALSE,FALSE,FALSE,FALSE,FALSE,,,FALSE,FALSE,0,,,,,,
1942,,,,Alfredo,Moreno,W,,"Purok 7, Brgy. MEMBER ID, , ",RIZAL,,,0,9959508189,FALSE,,,29/10/2024,Ricz Gasul,,FALSE,FALSE,FALSE,FALSE,FALSE,FALSE,FALSE,,,FALSE,FALSE,0,,,,,,
1943,,,,Jenny,Nara,L,,"Purok 1, Brgy. 50, , MALE",RIZAL,,,0,9423620327,FALSE,,,29/10/2024,Ricz Gasul,,FALSE,FALSE,FALSE,FALSE,FALSE,FALSE,FALSE,,,FALSE,FALSE,0,,,,,,
1944,,,,Janet,Munoz,N,,"Purok 1, Brgy. 53, PICTURE, MALE",RIZAL,,,0,9335316937,FALSE,,,29/10/2024,Ricz Gasul,,FALSE,FALSE,FALSE,FALSE,FALSE,FALSE,FALSE,,,FALSE,FALSE,0,,,,,,
1945,,,,Sergio,Weber,U,,"Purok 7, Brgy. 50, , SEX",RIZAL,,,0,9882033598,FALSE,,,29/10/2024,Ricz Gasul,,FALSE,FALSE,FALSE,FALSE,FALSE,FALSE,FALSE,,,FALSE,FALSE,0,,,,,,
1946,,,,Erika,Gomez,T,,"Purok 1, Brgy. 50, PICTURE, MALE",RIZAL,,,0,9128318803,FALSE,,,29/10/2024,Ricz Gasul,,FALSE,FALSE,FALSE,FALSE,FALSE,FALSE,FALSE,,,FALSE,FALSE,0,,,,,,
1947,,,,Joseph,Harris,N,,"Purok 6, Brgy. 53, PICTURE, FEMALE",RIZAL,,,0,9481347319,FALSE,,,29/10/2024,Ricz Gasul,,FALSE,FALSE,FALSE,FALSE,FALSE,FALSE,FALSE,,,FALSE,FALSE,0,,,,,,
1948,,,,Grace,Griffin,J,,"Purok 2, Brgy. 47, PICTURE, SEX",RIZAL,,,0,9796171620,FALSE,,,29/10/2024,Ricz Gasul,,FALSE,FALSE,FALSE,FALSE,FALSE,FALSE,FALSE,,,FALSE,FALSE,0,,,,,,
1949,,,,Tina,Mehta,J,,"Purok 3, Brgy. 48, , MALE",RIZAL,,,0,9780948203,FALSE,,,29/10/2024,Ricz Gasul,,FALSE,FALSE,FALSE,FALSE,FALSE,FALSE,FALSE,,,FALSE,FALSE,0,,,,,,
1951,,FEMALE,,Kari,Kim,M,,"Purok 2, Brgy. 52, , SEX",RIZAL,,,0,9826970509,FALSE,,,30/10/2024,Ricz Gasul,,FALSE,FALSE,FALSE,FALSE,FALSE,FALSE,FALSE,,,FALSE,FALSE,0,,,,,,
1952,,FEMALE,,Bethany,Chander,Z,,"Purok 8, Brgy. 52, , ",MASAO,,,0,9562396334,TRUE,Active,,04/11/2024,Ricz Gasul,,FALSE,TRUE,TRUE,TRUE,TRUE,TRUE,TRUE,,,FALSE,FALSE,0,,,,,,
1953,,FEMALE,,Jennifer,Roberts,A,,"Purok 3, Brgy. 48, PICTURE, ",RIZAL,,,0,9419343263,FALSE,,,05/11/2024,Ricz Gasul,,FALSE,FALSE,FALSE,FALSE,FALSE,FALSE,FALSE,,,FALSE,FALSE,0,,,,,,
1955,,,,Kyle,Patterson,H,,"Purok 7, Brgy. MEMBER ID, , MALE",RIZAL,,,0,9967674783,FALSE,,,06/11/2024,Ricz Gasul,,FALSE,FALSE,FALSE,FALSE,FALSE,FALSE,FALSE,,,FALSE,FALSE,0,,,,,,
1956,,,,Alvin,Hu,A,,"Purok 1, Brgy. 45, , SEX",RIZAL,,,0,9817482713,FALSE,,,07/11/2024,Ricz Gasul,,FALSE,FALSE,FALSE,FALSE,FALSE,FALSE,FALSE,,,FALSE,FALSE,0,,,,,,
1957,,,,Brett,Mehta,E,,"Purok 1, Brgy. 45, , FEMALE",RIZAL,,,0,9824074996,FALSE,,,07/11/2024,Ricz Gasul,,FALSE,FALSE,FALSE,FALSE,FALSE,FALSE,FALSE,,,FALSE,FALSE,0,,,,,,
1958,,MALE,MR,Ruben,Muñoz,C,,"Purok 3, Brgy. 47, , ",RIZAL,,,0,9437999444,FALSE,Active,,07/11/2024,Ricz Gasul,,FALSE,FALSE,FALSE,FALSE,FALSE,FALSE,FALSE,,,FALSE,FALSE,0,,,,,,
1959,,,,Erika,Rubio,O,,"Purok 8, Brgy. 48, , SEX",BANCASI,,,0,9292379283,FALSE,,,08/11/2024,Ricz Gasul,,FALSE,FALSE,FALSE,FALSE,FALSE,FALSE,FALSE,,,FALSE,FALSE,0,,,,,,
1960,,,,Stanley,Malhotra,N,,"Purok 8, Brgy. 53, , FEMALE",BANCASI,,,0,9911070440,FALSE,,,11/11/2024,Ricz Gasul,,FALSE,FALSE,FALSE,FALSE,FALSE,FALSE,FALSE,,,FALSE,FALSE,0,,,,,,
1961,,,,Melinda,Navarro,S,,"Purok 9, Brgy. 50, , ",MASAO,,,0,9585792431,FALSE,,,19/11/2024,Ricz Gasul,,FALSE,FALSE,FALSE,FALSE,FALSE,FALSE,FALSE,,,FALSE,FALSE,0,19/11/2024,MICHAEL,,,,
1962,,,,Ross,Sanz,U,,"Purok 10, Brgy. MEMBER ID, , MALE",,,,0,9735688310,FALSE,,,19/11/2024,Ricz Gasul,,FALSE,FALSE,FALSE,FALSE,FALSE,FALSE,FALSE,,,FALSE,FALSE,0,19/11/2024,,,,,
1963,,,,Jon,Gao,E,,"Purok 7, Brgy. 48, , MALE",BANCASI,,,0,9880983502,FALSE,,,19/11/2024,Ricz Gasul,,FALSE,FALSE,FALSE,FALSE,FALSE,FALSE,FALSE,,,FALSE,FALSE,0,19/11/2024,MICHAEL,,,,
1964,,,,Jaime,Gutierrez,H,,"Purok 1, Brgy. 45, , MALE",BANCASI,,,0,9418671277,FALSE,,,19/11/2024,Ricz Gasul,,FALSE,FALSE,FALSE,FALSE,FALSE,FALSE,FALSE,,,FALSE,FALSE,0,19/11/2024,MICHAEL,,,,
1965,,,,Bianca,Liu,A,,"Purok 1, Brgy. 47, , MALE",BANCASI,,,0,9215466471,FALSE,,,19/11/2024,Ricz Gasul,,FALSE,FALSE,FALSE,FALSE,FALSE,FALSE,FALSE,,,FALSE,FALSE,0,19/11/2024,MICHAEL,,,,
1966,,,,Tasha,Deng,Y,,"Purok 2, Brgy. 53, , FEMALE",BANCASI,,,0,9290383215,FALSE,,,19/11/2024,Ricz Gasul,,FALSE,FALSE,FALSE,FALSE,FALSE,FALSE,FALSE,,,FALSE,FALSE,0,19/11/2024,,,,,
